date,% Silica Concentrate,high_silica_risk,oof_proba,pred,error_type,margin,center_date,relative_step,center_error_type,center_margin
2017-08-30 11:00:00,4.604093432007223,1,0.8049235728597322,1,TP,0.5049235728597321,2017-08-30 14:00:00,-3,FP,0.5513172349450834
2017-08-30 12:00:00,4.62,1,0.8122939190854319,1,TP,0.5122939190854319,2017-08-30 14:00:00,-2,FP,0.5513172349450834
2017-08-30 13:00:00,5.06,1,0.7394003665503823,1,TP,0.43940036655038234,2017-08-30 14:00:00,-1,FP,0.5513172349450834
2017-08-30 14:00:00,3.5,0,0.8513172349450835,1,FP,0.5513172349450834,2017-08-30 14:00:00,0,FP,0.5513172349450834
2017-08-30 15:00:00,4.61,1,0.6998003501924782,1,TP,0.3998003501924782,2017-08-30 14:00:00,1,FP,0.5513172349450834
2017-08-30 16:00:00,4.14,1,0.7300098699448069,1,TP,0.4300098699448069,2017-08-30 14:00:00,2,FP,0.5513172349450834
2017-08-30 17:00:00,4.07,1,0.6895921804753482,1,TP,0.3895921804753482,2017-08-30 14:00:00,3,FP,0.5513172349450834
2017-04-27 06:00:00,2.14,0,0.2120812983928288,0,TN,0.08791870160717119,2017-04-27 10:00:00,-3,FP,0.489126033853903
2017-04-27 07:00:00,2.47,0,0.0578552150607857,0,TN,0.2421447849392143,2017-04-27 10:00:00,-2,FP,0.489126033853903
2017-04-27 08:00:00,2.07,0,0.292671697084733,0,TN,0.007328302915266982,2017-04-27 10:00:00,-1,FP,0.489126033853903
2017-04-27 10:00:00,2.33,0,0.789126033853903,1,FP,0.489126033853903,2017-04-27 10:00:00,0,FP,0.489126033853903
2017-04-27 11:00:00,4.6,1,0.6217309558056603,1,TP,0.3217309558056603,2017-04-27 10:00:00,1,FP,0.489126033853903
2017-04-27 12:00:00,4.42,1,0.6128672248520215,1,TP,0.3128672248520215,2017-04-27 10:00:00,2,FP,0.489126033853903
2017-04-27 13:00:00,4.76,1,0.7360869112944028,1,TP,0.43608691129440286,2017-04-27 10:00:00,3,FP,0.489126033853903
2017-04-23 19:00:00,4.05,1,0.3995184262498503,1,TP,0.0995184262498503,2017-04-23 22:00:00,-3,FP,0.4205152111482198
2017-04-23 20:00:00,5.23,1,0.4802254982669071,1,TP,0.1802254982669071,2017-04-23 22:00:00,-2,FP,0.4205152111482198
2017-04-23 21:00:00,4.4,1,0.5037944097809411,1,TP,0.20379440978094115,2017-04-23 22:00:00,-1,FP,0.4205152111482198
2017-04-23 22:00:00,3.74,0,0.7205152111482198,1,FP,0.4205152111482198,2017-04-23 22:00:00,0,FP,0.4205152111482198
2017-04-23 23:00:00,2.9100000000000006,0,0.4760402047031858,1,FP,0.17604020470318582,2017-04-23 22:00:00,1,FP,0.4205152111482198
2017-04-24 00:00:00,4.36,1,0.3852448274637615,1,TP,0.0852448274637615,2017-04-23 22:00:00,2,FP,0.4205152111482198
2017-04-24 01:00:00,3.29,0,0.713223533091941,1,FP,0.413223533091941,2017-04-23 22:00:00,3,FP,0.4205152111482198
2017-09-01 23:00:00,1.6,0,0.3729152635190697,1,FP,0.07291526351906968,2017-09-02 02:00:00,-3,FP,0.41341937940500534
2017-09-02 00:00:00,1.15,0,0.3437562142661314,1,FP,0.04375621426613141,2017-09-02 02:00:00,-2,FP,0.41341937940500534
2017-09-02 01:00:00,1.94,0,0.4261927113179374,1,FP,0.1261927113179374,2017-09-02 02:00:00,-1,FP,0.41341937940500534
2017-09-02 02:00:00,1.65,0,0.7134193794050053,1,FP,0.41341937940500534,2017-09-02 02:00:00,0,FP,0.41341937940500534
2017-09-02 03:00:00,4.39,1,0.3530883147642899,1,TP,0.053088314764289934,2017-09-02 02:00:00,1,FP,0.41341937940500534
2017-09-02 05:00:00,4.84,1,0.5005355572033472,1,TP,0.2005355572033472,2017-09-02 02:00:00,2,FP,0.41341937940500534
2017-09-02 06:00:00,5.139445471349445,1,0.62252353853816,1,TP,0.32252353853816,2017-09-02 02:00:00,3,FP,0.41341937940500534
2017-04-23 22:00:00,3.74,0,0.7205152111482198,1,FP,0.4205152111482198,2017-04-24 01:00:00,-3,FP,0.413223533091941
2017-04-23 23:00:00,2.9100000000000006,0,0.4760402047031858,1,FP,0.17604020470318582,2017-04-24 01:00:00,-2,FP,0.413223533091941
2017-04-24 00:00:00,4.36,1,0.3852448274637615,1,TP,0.0852448274637615,2017-04-24 01:00:00,-1,FP,0.413223533091941
2017-04-24 01:00:00,3.29,0,0.713223533091941,1,FP,0.413223533091941,2017-04-24 01:00:00,0,FP,0.413223533091941
2017-04-24 02:00:00,4.9,1,0.5979951966868133,1,TP,0.29799519668681335,2017-04-24 01:00:00,1,FP,0.413223533091941
2017-04-24 03:00:00,4.860152717176112,1,0.7090575712122593,1,TP,0.40905757121225933,2017-04-24 01:00:00,2,FP,0.413223533091941
2017-04-24 04:00:00,4.780898452994444,1,0.7167604170695486,1,TP,0.41676041706954864,2017-04-24 01:00:00,3,FP,0.413223533091941
2017-08-31 00:00:00,4.131875693674445,1,0.4867375302268633,1,TP,0.1867375302268633,2017-08-31 03:00:00,-3,FP,0.4100158584340619
2017-08-31 01:00:00,4.16,1,0.4152653363177965,1,TP,0.11526533631779651,2017-08-31 03:00:00,-2,FP,0.4100158584340619
2017-08-31 02:00:00,2.49,0,0.5211410073401459,1,FP,0.2211410073401459,2017-08-31 03:00:00,-1,FP,0.4100158584340619
2017-08-31 03:00:00,2.67,0,0.7100158584340619,1,FP,0.4100158584340619,2017-08-31 03:00:00,0,FP,0.4100158584340619
2017-08-31 04:00:00,4.07,1,0.4274570707980573,1,TP,0.1274570707980573,2017-08-31 03:00:00,1,FP,0.4100158584340619
2017-08-31 05:00:00,2.38,0,0.6958321243406348,1,FP,0.3958321243406348,2017-08-31 03:00:00,2,FP,0.4100158584340619
2017-08-31 06:00:00,1.26,0,0.6867133723713185,1,FP,0.3867133723713185,2017-08-31 03:00:00,3,FP,0.4100158584340619
2017-08-31 02:00:00,2.49,0,0.5211410073401459,1,FP,0.2211410073401459,2017-08-31 05:00:00,-3,FP,0.3958321243406348
2017-08-31 03:00:00,2.67,0,0.7100158584340619,1,FP,0.4100158584340619,2017-08-31 05:00:00,-2,FP,0.3958321243406348
2017-08-31 04:00:00,4.07,1,0.4274570707980573,1,TP,0.1274570707980573,2017-08-31 05:00:00,-1,FP,0.3958321243406348
2017-08-31 05:00:00,2.38,0,0.6958321243406348,1,FP,0.3958321243406348,2017-08-31 05:00:00,0,FP,0.3958321243406348
2017-08-31 06:00:00,1.26,0,0.6867133723713185,1,FP,0.3867133723713185,2017-08-31 05:00:00,1,FP,0.3958321243406348
2017-08-31 07:00:00,1.76,0,0.4776821148063078,1,FP,0.1776821148063078,2017-08-31 05:00:00,2,FP,0.3958321243406348
2017-08-31 08:00:00,1.89,0,0.1683840019686688,0,TN,0.1316159980313312,2017-08-31 05:00:00,3,FP,0.3958321243406348
2017-08-28 20:00:00,4.614011090573889,1,0.4110248706527053,1,TP,0.11102487065270533,2017-08-28 23:00:00,-3,FP,0.39560921843957314
2017-08-28 21:00:00,4.43,1,0.5664028117853296,1,TP,0.2664028117853296,2017-08-28 23:00:00,-2,FP,0.39560921843957314
2017-08-28 22:00:00,4.71,1,0.6002352387366069,1,TP,0.3002352387366069,2017-08-28 23:00:00,-1,FP,0.39560921843957314
2017-08-28 23:00:00,3.29,0,0.6956092184395731,1,FP,0.39560921843957314,2017-08-28 23:00:00,0,FP,0.39560921843957314
2017-08-29 00:00:00,4.07,1,0.4823462849878439,1,TP,0.1823462849878439,2017-08-28 23:00:00,1,FP,0.39560921843957314
2017-08-29 01:00:00,3.6600000000000006,0,0.454036137743279,1,FP,0.154036137743279,2017-08-28 23:00:00,2,FP,0.39560921843957314
2017-08-29 02:00:00,3.77,0,0.4262996220272611,1,FP,0.12629962202726114,2017-08-28 23:00:00,3,FP,0.39560921843957314
2017-08-31 03:00:00,2.67,0,0.7100158584340619,1,FP,0.4100158584340619,2017-08-31 06:00:00,-3,FP,0.3867133723713185
2017-08-31 04:00:00,4.07,1,0.4274570707980573,1,TP,0.1274570707980573,2017-08-31 06:00:00,-2,FP,0.3867133723713185
2017-08-31 05:00:00,2.38,0,0.6958321243406348,1,FP,0.3958321243406348,2017-08-31 06:00:00,-1,FP,0.3867133723713185
2017-08-31 06:00:00,1.26,0,0.6867133723713185,1,FP,0.3867133723713185,2017-08-31 06:00:00,0,FP,0.3867133723713185
2017-08-31 07:00:00,1.76,0,0.4776821148063078,1,FP,0.1776821148063078,2017-08-31 06:00:00,1,FP,0.3867133723713185
2017-08-31 08:00:00,1.89,0,0.1683840019686688,0,TN,0.1316159980313312,2017-08-31 06:00:00,2,FP,0.3867133723713185
2017-08-31 09:00:00,1.31,0,0.163564024766831,0,TN,0.136435975233169,2017-08-31 06:00:00,3,FP,0.3867133723713185
2017-08-04 19:00:00,4.32,1,0.4457914482129853,1,TP,0.1457914482129853,2017-08-04 22:00:00,-3,FP,0.36976953848376
2017-08-04 20:00:00,5.35,1,0.4925429646584414,1,TP,0.1925429646584414,2017-08-04 22:00:00,-2,FP,0.36976953848376
2017-08-04 21:00:00,4.19,1,0.4301644044877044,1,TP,0.1301644044877044,2017-08-04 22:00:00,-1,FP,0.36976953848376
2017-08-04 22:00:00,2.05,0,0.66976953848376,1,FP,0.36976953848376,2017-08-04 22:00:00,0,FP,0.36976953848376
2017-08-04 23:00:00,1.75,0,0.6018126723966103,1,FP,0.3018126723966103,2017-08-04 22:00:00,1,FP,0.36976953848376
2017-08-05 00:00:00,1.24,0,0.4471097610438446,1,FP,0.1471097610438446,2017-08-04 22:00:00,2,FP,0.36976953848376
2017-08-05 01:00:00,1.39,0,0.1785859945817259,0,TN,0.1214140054182741,2017-08-04 22:00:00,3,FP,0.36976953848376
2017-05-06 11:00:00,4.86,1,0.6017939311653221,1,TP,0.3017939311653221,2017-05-06 14:00:00,-3,FP,0.35771104583990593
2017-05-06 12:00:00,5.2,1,0.6059083566651574,1,TP,0.3059083566651574,2017-05-06 14:00:00,-2,FP,0.35771104583990593
2017-05-06 13:00:00,3.15,0,0.5817386113456249,1,FP,0.2817386113456249,2017-05-06 14:00:00,-1,FP,0.35771104583990593
2017-05-06 14:00:00,3.4100000000000006,0,0.6577110458399059,1,FP,0.35771104583990593,2017-05-06 14:00:00,0,FP,0.35771104583990593
2017-05-06 15:00:00,3.37,0,0.5017473323289231,1,FP,0.2017473323289231,2017-05-06 14:00:00,1,FP,0.35771104583990593
2017-05-06 16:00:00,3.64,0,0.3732224934361959,1,FP,0.07322249343619591,2017-05-06 14:00:00,2,FP,0.35771104583990593
2017-05-06 17:00:00,3.04,0,0.4354531478813575,1,FP,0.13545314788135754,2017-05-06 14:00:00,3,FP,0.35771104583990593
2017-05-18 14:00:00,4.26,1,0.3117575965570353,1,TP,0.011757596557035288,2017-05-18 19:00:00,-3,FP,0.3573125358770672
2017-05-18 17:00:00,3.14,0,0.4559088746510891,1,FP,0.1559088746510891,2017-05-18 19:00:00,-2,FP,0.3573125358770672
2017-05-18 18:00:00,4.51,1,0.45909885593799,1,TP,0.15909885593799,2017-05-18 19:00:00,-1,FP,0.3573125358770672
2017-05-18 19:00:00,3.46,0,0.6573125358770672,1,FP,0.3573125358770672,2017-05-18 19:00:00,0,FP,0.3573125358770672
2017-05-18 20:00:00,4.6,1,0.510363183935238,1,TP,0.21036318393523806,2017-05-18 19:00:00,1,FP,0.3573125358770672
2017-05-18 21:00:00,5.28,1,0.5575375283811428,1,TP,0.2575375283811428,2017-05-18 19:00:00,2,FP,0.3573125358770672
2017-05-18 22:00:00,5.202794043412222,1,0.5507562510610087,1,TP,0.2507562510610087,2017-05-18 19:00:00,3,FP,0.3573125358770672
2017-05-19 04:00:00,4.281441191316667,1,0.4276988986017528,1,TP,0.12769889860175282,2017-05-19 07:00:00,-3,FP,0.3541336441787006
2017-05-19 05:00:00,4.127882382633889,1,0.40859269958315,1,TP,0.10859269958314999,2017-05-19 07:00:00,-2,FP,0.3541336441787006
2017-05-19 06:00:00,3.974323573953334,0,0.4392972904720394,1,FP,0.13929729047203943,2017-05-19 07:00:00,-1,FP,0.3541336441787006
2017-05-19 07:00:00,3.820764765271111,0,0.6541336441787006,1,FP,0.3541336441787006,2017-05-19 07:00:00,0,FP,0.3541336441787006
2017-05-19 08:00:00,3.667205956587778,0,0.5314267150172679,1,FP,0.23142671501726791,2017-05-19 07:00:00,1,FP,0.3541336441787006
2017-05-19 09:00:00,3.5899999999999994,0,0.4058069002717923,1,FP,0.10580690027179229,2017-05-19 07:00:00,2,FP,0.3541336441787006
2017-05-19 10:00:00,3.97,0,0.1359233670846334,0,TN,0.1640766329153666,2017-05-19 07:00:00,3,FP,0.3541336441787006
2017-04-24 11:00:00,4.226118603727778,1,0.6674720547023785,1,TP,0.3674720547023785,2017-04-24 14:00:00,-3,FP,0.3449925961664518
2017-04-24 12:00:00,4.146864339548333,1,0.5084030536862545,1,TP,0.2084030536862545,2017-04-24 14:00:00,-2,FP,0.3449925961664518
2017-04-24 13:00:00,4.067610075366667,1,0.5192542547180871,1,TP,0.21925425471808707,2017-04-24 14:00:00,-1,FP,0.3449925961664518
2017-04-24 14:00:00,3.988355811186111,0,0.6449925961664518,1,FP,0.3449925961664518,2017-04-24 14:00:00,0,FP,0.3449925961664518
2017-04-24 16:00:00,3.8298472828238888,0,0.2599646781826191,0,TN,0.0400353218173809,2017-04-24 14:00:00,1,FP,0.3449925961664518
2017-04-24 17:00:00,3.79,0,0.1886730626946993,0,TN,0.11132693730530069,2017-04-24 14:00:00,2,FP,0.3449925961664518
2017-04-24 18:00:00,3.0899999999999994,0,0.1934471399992782,0,TN,0.10655286000072178,2017-04-24 14:00:00,3,FP,0.3449925961664518
2017-04-13 21:00:00,1.33,0,0.0469026835027736,0,TN,0.2530973164972264,2017-04-14 01:00:00,-3,FP,0.34180426446882567
2017-04-13 22:00:00,1.29,0,0.2266607505266223,0,TN,0.0733392494733777,2017-04-14 01:00:00,-2,FP,0.34180426446882567
2017-04-14 00:00:00,2.0,0,0.1615946116459325,0,TN,0.1384053883540675,2017-04-14 01:00:00,-1,FP,0.34180426446882567
2017-04-14 01:00:00,1.65,0,0.6418042644688257,1,FP,0.34180426446882567,2017-04-14 01:00:00,0,FP,0.34180426446882567
2017-04-14 02:00:00,3.01,0,0.1523362867472685,0,TN,0.14766371325273148,2017-04-14 01:00:00,1,FP,0.34180426446882567
2017-04-14 03:00:00,4.3,1,0.3006302174946544,1,TP,0.000630217494654417,2017-04-14 01:00:00,2,FP,0.34180426446882567
2017-04-14 04:00:00,4.202094313453888,1,0.2418950615900277,0,FN,0.0581049384099723,2017-04-14 01:00:00,3,FP,0.34180426446882567
2017-04-22 12:00:00,3.027054794519444,0,0.3421080041779266,1,FP,0.042108004177926595,2017-04-22 16:00:00,-3,FP,0.3417464767183391
2017-04-22 13:00:00,2.953082191781667,0,0.3890526255334321,1,FP,0.08905262553343213,2017-04-22 16:00:00,-2,FP,0.3417464767183391
2017-04-22 15:00:00,2.805136986301111,0,0.5495144773903886,1,FP,0.24951447739038862,2017-04-22 16:00:00,-1,FP,0.3417464767183391
2017-04-22 16:00:00,2.7311643835627777,0,0.6417464767183391,1,FP,0.3417464767183391,2017-04-22 16:00:00,0,FP,0.3417464767183391
2017-04-22 17:00:00,2.657191780820556,0,0.5065684947790289,1,FP,0.2065684947790289,2017-04-22 16:00:00,1,FP,0.3417464767183391
2017-04-22 18:00:00,2.62,0,0.6020750226300096,1,FP,0.30207502263000957,2017-04-22 16:00:00,2,FP,0.3417464767183391
2017-04-22 19:00:00,5.11,1,0.399443573916356,1,TP,0.099443573916356,2017-04-22 16:00:00,3,FP,0.3417464767183391
2017-04-21 10:00:00,4.9,1,0.3484101475708333,1,TP,0.048410147570833284,2017-04-21 13:00:00,-3,FP,0.33777234838147013
2017-04-21 11:00:00,3.26,0,0.4777129235830969,1,FP,0.17771292358309693,2017-04-21 13:00:00,-2,FP,0.33777234838147013
2017-04-21 12:00:00,3.4100000000000006,0,0.388119362367721,1,FP,0.088119362367721,2017-04-21 13:00:00,-1,FP,0.33777234838147013
2017-04-21 13:00:00,3.85,0,0.6377723483814701,1,FP,0.33777234838147013,2017-04-21 13:00:00,0,FP,0.33777234838147013
2017-04-21 14:00:00,4.15,1,0.4582814351183817,1,TP,0.15828143511838172,2017-04-21 13:00:00,1,FP,0.33777234838147013
2017-04-21 15:00:00,4.45,1,0.4840822272061358,1,TP,0.18408222720613582,2017-04-21 13:00:00,2,FP,0.33777234838147013
2017-04-21 16:00:00,4.17,1,0.4897476639447904,1,TP,0.18974766394479042,2017-04-21 13:00:00,3,FP,0.33777234838147013
2017-03-14 01:00:00,4.17,1,0.5785531317939505,1,TP,0.2785531317939505,2017-03-14 04:00:00,-3,FP,0.3341073053659593
2017-03-14 02:00:00,4.69,1,0.670608811915525,1,TP,0.370608811915525,2017-03-14 04:00:00,-2,FP,0.3341073053659593
2017-03-14 03:00:00,4.39,1,0.5206941734887147,1,TP,0.22069417348871473,2017-03-14 04:00:00,-1,FP,0.3341073053659593
2017-03-14 04:00:00,3.99,0,0.6341073053659593,1,FP,0.3341073053659593,2017-03-14 04:00:00,0,FP,0.3341073053659593
2017-03-14 05:00:00,4.69,1,0.5313285306971667,1,TP,0.2313285306971667,2017-03-14 04:00:00,1,FP,0.3341073053659593
2017-03-14 06:00:00,4.4,1,0.48264117791119,1,TP,0.18264117791119,2017-03-14 04:00:00,2,FP,0.3341073053659593
2017-03-14 07:00:00,4.71,1,0.1957739364323601,0,FN,0.10422606356763989,2017-03-14 04:00:00,3,FP,0.3341073053659593
2017-07-25 07:00:00,2.05,0,0.1473128190891963,0,TN,0.1526871809108037,2017-07-25 10:00:00,-3,FP,0.33248293416375
2017-07-25 08:00:00,2.19,0,0.1520138210316592,0,TN,0.1479861789683408,2017-07-25 10:00:00,-2,FP,0.33248293416375
2017-07-25 09:00:00,2.19,0,0.3852537526351324,1,FP,0.08525375263513241,2017-07-25 10:00:00,-1,FP,0.33248293416375
2017-07-25 10:00:00,2.2,0,0.63248293416375,1,FP,0.33248293416375,2017-07-25 10:00:00,0,FP,0.33248293416375
2017-07-25 11:00:00,4.64,1,0.6402630996237716,1,TP,0.3402630996237716,2017-07-25 10:00:00,1,FP,0.33248293416375
2017-07-25 12:00:00,4.89,1,0.6603850047183185,1,TP,0.3603850047183185,2017-07-25 10:00:00,2,FP,0.33248293416375
2017-07-25 13:00:00,4.632683772538333,1,0.575256177816907,1,TP,0.275256177816907,2017-07-25 10:00:00,3,FP,0.33248293416375
2017-04-21 04:00:00,2.23,0,0.1564556339570099,0,TN,0.1435443660429901,2017-04-21 07:00:00,-3,FP,0.30607529674480455
2017-04-21 05:00:00,2.23,0,0.1106155307379192,0,TN,0.1893844692620808,2017-04-21 07:00:00,-2,FP,0.30607529674480455
2017-04-21 06:00:00,2.23,0,0.294050197495766,0,TN,0.005949802504233992,2017-04-21 07:00:00,-1,FP,0.30607529674480455
2017-04-21 07:00:00,2.676645101663889,0,0.6060752967448045,1,FP,0.30607529674480455,2017-04-21 07:00:00,0,FP,0.30607529674480455
2017-04-21 08:00:00,3.5650000000000004,0,0.5092140323440923,1,FP,0.20921403234409236,2017-04-21 07:00:00,1,FP,0.30607529674480455
2017-04-21 09:00:00,4.453354898336111,1,0.2578051725858788,0,FN,0.04219482741412117,2017-04-21 07:00:00,2,FP,0.30607529674480455
2017-04-21 10:00:00,4.9,1,0.3484101475708333,1,TP,0.048410147570833284,2017-04-21 07:00:00,3,FP,0.30607529674480455
2017-04-22 15:00:00,2.805136986301111,0,0.5495144773903886,1,FP,0.24951447739038862,2017-04-22 18:00:00,-3,FP,0.30207502263000957
2017-04-22 16:00:00,2.7311643835627777,0,0.6417464767183391,1,FP,0.3417464767183391,2017-04-22 18:00:00,-2,FP,0.30207502263000957
2017-04-22 17:00:00,2.657191780820556,0,0.5065684947790289,1,FP,0.2065684947790289,2017-04-22 18:00:00,-1,FP,0.30207502263000957
2017-04-22 18:00:00,2.62,0,0.6020750226300096,1,FP,0.30207502263000957,2017-04-22 18:00:00,0,FP,0.30207502263000957
2017-04-22 19:00:00,5.11,1,0.399443573916356,1,TP,0.099443573916356,2017-04-22 18:00:00,1,FP,0.30207502263000957
2017-04-22 21:00:00,5.003201727327777,1,0.5337274598856009,1,TP,0.2337274598856009,2017-04-22 18:00:00,2,FP,0.30207502263000957
2017-04-22 22:00:00,4.932134484886111,1,0.4123188054320787,1,TP,0.11231880543207873,2017-04-22 18:00:00,3,FP,0.30207502263000957
2017-08-04 20:00:00,5.35,1,0.4925429646584414,1,TP,0.1925429646584414,2017-08-04 23:00:00,-3,FP,0.3018126723966103
2017-08-04 21:00:00,4.19,1,0.4301644044877044,1,TP,0.1301644044877044,2017-08-04 23:00:00,-2,FP,0.3018126723966103
2017-08-04 22:00:00,2.05,0,0.66976953848376,1,FP,0.36976953848376,2017-08-04 23:00:00,-1,FP,0.3018126723966103
2017-08-04 23:00:00,1.75,0,0.6018126723966103,1,FP,0.3018126723966103,2017-08-04 23:00:00,0,FP,0.3018126723966103
2017-08-05 00:00:00,1.24,0,0.4471097610438446,1,FP,0.1471097610438446,2017-08-04 23:00:00,1,FP,0.3018126723966103
2017-08-05 01:00:00,1.39,0,0.1785859945817259,0,TN,0.1214140054182741,2017-08-04 23:00:00,2,FP,0.3018126723966103
2017-08-05 02:00:00,1.25,0,0.1902893849194566,0,TN,0.10971061508054339,2017-08-04 23:00:00,3,FP,0.3018126723966103
2017-09-03 22:00:00,4.77,1,0.0949608192273064,0,FN,0.2050391807726936,2017-09-04 02:00:00,-3,FP,0.2954722980680092
2017-09-04 00:00:00,4.87,1,0.3364559319054588,1,TP,0.036455931905458816,2017-09-04 02:00:00,-2,FP,0.2954722980680092
2017-09-04 01:00:00,4.68,1,0.3819781378255509,1,TP,0.08197813782555091,2017-09-04 02:00:00,-1,FP,0.2954722980680092
2017-09-04 02:00:00,3.83,0,0.5954722980680092,1,FP,0.2954722980680092,2017-09-04 02:00:00,0,FP,0.2954722980680092
2017-09-04 03:00:00,3.74,0,0.3877809930104203,1,FP,0.0877809930104203,2017-09-04 02:00:00,1,FP,0.2954722980680092
2017-09-04 04:00:00,2.73,0,0.4447076733187734,1,FP,0.14470767331877343,2017-09-04 02:00:00,2,FP,0.2954722980680092
2017-09-04 05:00:00,2.72,0,0.3772902145716492,1,FP,0.0772902145716492,2017-09-04 02:00:00,3,FP,0.2954722980680092
2017-06-05 03:00:00,1.52,0,0.1166123352684632,0,TN,0.18338766473153678,2017-06-05 07:00:00,-3,FN,0.28446846381479857
2017-06-05 04:00:00,1.75,0,0.1070142679277342,0,TN,0.19298573207226577,2017-06-05 07:00:00,-2,FN,0.28446846381479857
2017-06-05 06:00:00,2.01,0,0.1834773342222551,0,TN,0.1165226657777449,2017-06-05 07:00:00,-1,FN,0.28446846381479857
2017-06-05 07:00:00,4.95,1,0.0155315361852014,0,FN,0.28446846381479857,2017-06-05 07:00:00,0,FN,0.28446846381479857
2017-06-05 08:00:00,3.02,0,0.1294384535194064,0,TN,0.1705615464805936,2017-06-05 07:00:00,1,FN,0.28446846381479857
2017-06-05 09:00:00,1.64,0,0.1429232189954421,0,TN,0.15707678100455788,2017-06-05 07:00:00,2,FN,0.28446846381479857
2017-06-05 10:00:00,4.15,1,0.0322647697301657,0,FN,0.2677352302698343,2017-06-05 07:00:00,3,FN,0.28446846381479857
2017-05-05 07:00:00,4.66,1,0.4025494226020914,1,TP,0.10254942260209143,2017-05-05 10:00:00,-3,FP,0.2825120859359756
2017-05-05 08:00:00,5.47,1,0.5736686881897579,1,TP,0.2736686881897579,2017-05-05 10:00:00,-2,FP,0.2825120859359756
2017-05-05 09:00:00,5.47,1,0.6320676358031171,1,TP,0.3320676358031171,2017-05-05 10:00:00,-1,FP,0.2825120859359756
2017-05-05 10:00:00,3.62,0,0.5825120859359756,1,FP,0.2825120859359756,2017-05-05 10:00:00,0,FP,0.2825120859359756
2017-05-05 11:00:00,4.04,1,0.620605134229686,1,TP,0.320605134229686,2017-05-05 10:00:00,1,FP,0.2825120859359756
2017-05-05 12:00:00,4.54,1,0.4770882644628738,1,TP,0.1770882644628738,2017-05-05 10:00:00,2,FP,0.2825120859359756
2017-05-05 13:00:00,4.484999999999999,1,0.6380912298307364,1,TP,0.3380912298307364,2017-05-05 10:00:00,3,FP,0.2825120859359756
2017-05-06 10:00:00,4.99,1,0.7120385513097276,1,TP,0.4120385513097276,2017-05-06 13:00:00,-3,FP,0.2817386113456249
2017-05-06 11:00:00,4.86,1,0.6017939311653221,1,TP,0.3017939311653221,2017-05-06 13:00:00,-2,FP,0.2817386113456249
2017-05-06 12:00:00,5.2,1,0.6059083566651574,1,TP,0.3059083566651574,2017-05-06 13:00:00,-1,FP,0.2817386113456249
2017-05-06 13:00:00,3.15,0,0.5817386113456249,1,FP,0.2817386113456249,2017-05-06 13:00:00,0,FP,0.2817386113456249
2017-05-06 14:00:00,3.4100000000000006,0,0.6577110458399059,1,FP,0.35771104583990593,2017-05-06 13:00:00,1,FP,0.2817386113456249
2017-05-06 15:00:00,3.37,0,0.5017473323289231,1,FP,0.2017473323289231,2017-05-06 13:00:00,2,FP,0.2817386113456249
2017-05-06 16:00:00,3.64,0,0.3732224934361959,1,FP,0.07322249343619591,2017-05-06 13:00:00,3,FP,0.2817386113456249
2017-07-29 05:00:00,1.57,0,0.2070066989474003,0,TN,0.09299330105259968,2017-07-29 09:00:00,-3,FP,0.27894199228878364
2017-07-29 07:00:00,4.55,1,0.3168136267589246,1,TP,0.016813626758924616,2017-07-29 09:00:00,-2,FP,0.27894199228878364
2017-07-29 08:00:00,2.97,0,0.4172451969304831,1,FP,0.11724519693048313,2017-07-29 09:00:00,-1,FP,0.27894199228878364
2017-07-29 09:00:00,3.3,0,0.5789419922887836,1,FP,0.27894199228878364,2017-07-29 09:00:00,0,FP,0.27894199228878364
2017-07-29 10:00:00,5.2,1,0.4406746388700149,1,TP,0.1406746388700149,2017-07-29 09:00:00,1,FP,0.27894199228878364
2017-07-29 11:00:00,4.33,1,0.4389469276089026,1,TP,0.1389469276089026,2017-07-29 09:00:00,2,FP,0.27894199228878364
2017-07-29 12:00:00,5.49,1,0.3847321831960008,1,TP,0.08473218319600079,2017-07-29 09:00:00,3,FP,0.27894199228878364
2017-09-08 19:00:00,1.33,0,0.1062448208271462,0,TN,0.1937551791728538,2017-09-08 22:00:00,-3,FN,0.2705553639657759
2017-09-08 20:00:00,1.5,0,0.0338414294626229,0,TN,0.26615857053737707,2017-09-08 22:00:00,-2,FN,0.2705553639657759
2017-09-08 21:00:00,2.9400000000000004,0,0.0263952638110835,0,TN,0.2736047361889165,2017-09-08 22:00:00,-1,FN,0.2705553639657759
2017-09-08 22:00:00,4.1,1,0.0294446360342241,0,FN,0.2705553639657759,2017-09-08 22:00:00,0,FN,0.2705553639657759
2017-09-08 23:00:00,1.57,0,0.2495212993544342,0,TN,0.05047870064556578,2017-09-08 22:00:00,1,FN,0.2705553639657759
2017-09-09 00:00:00,4.18,1,0.0306846975539474,0,FN,0.2693153024460526,2017-09-08 22:00:00,2,FN,0.2705553639657759
2017-09-09 01:00:00,3.24,0,0.2027148212420002,0,TN,0.0972851787579998,2017-09-08 22:00:00,3,FN,0.2705553639657759
2017-06-01 10:00:00,2.3,0,0.0501017034869465,0,TN,0.24989829651305348,2017-06-01 13:00:00,-3,FN,0.2696021332234056
2017-06-01 11:00:00,2.99,0,0.0756243928634584,0,TN,0.2243756071365416,2017-06-01 13:00:00,-2,FN,0.2696021332234056
2017-06-01 12:00:00,3.14,0,0.0491311263939641,0,TN,0.2508688736060359,2017-06-01 13:00:00,-1,FN,0.2696021332234056
2017-06-01 13:00:00,4.06,1,0.0303978667765944,0,FN,0.2696021332234056,2017-06-01 13:00:00,0,FN,0.2696021332234056
2017-06-01 15:00:00,1.22,0,0.0726225732191049,0,TN,0.2273774267808951,2017-06-01 13:00:00,1,FN,0.2696021332234056
2017-06-01 16:00:00,1.33,0,0.1596066693056232,0,TN,0.1403933306943768,2017-06-01 13:00:00,2,FN,0.2696021332234056
2017-06-01 17:00:00,1.14,0,0.1162957668761348,0,TN,0.1837042331238652,2017-06-01 13:00:00,3,FN,0.2696021332234056
2017-09-08 21:00:00,2.9400000000000004,0,0.0263952638110835,0,TN,0.2736047361889165,2017-09-09 00:00:00,-3,FN,0.2693153024460526
2017-09-08 22:00:00,4.1,1,0.0294446360342241,0,FN,0.2705553639657759,2017-09-09 00:00:00,-2,FN,0.2693153024460526
2017-09-08 23:00:00,1.57,0,0.2495212993544342,0,TN,0.05047870064556578,2017-09-09 00:00:00,-1,FN,0.2693153024460526
2017-09-09 00:00:00,4.18,1,0.0306846975539474,0,FN,0.2693153024460526,2017-09-09 00:00:00,0,FN,0.2693153024460526
2017-09-09 01:00:00,3.24,0,0.2027148212420002,0,TN,0.0972851787579998,2017-09-09 00:00:00,1,FN,0.2693153024460526
2017-09-09 02:00:00,2.34,0,0.0466661830202834,0,TN,0.2533338169797166,2017-09-09 00:00:00,2,FN,0.2693153024460526
2017-09-09 03:00:00,3.0700000000000003,0,0.0826240263531666,0,TN,0.2173759736468334,2017-09-09 00:00:00,3,FN,0.2693153024460526
2017-06-05 07:00:00,4.95,1,0.0155315361852014,0,FN,0.28446846381479857,2017-06-05 10:00:00,-3,FN,0.2677352302698343
2017-06-05 08:00:00,3.02,0,0.1294384535194064,0,TN,0.1705615464805936,2017-06-05 10:00:00,-2,FN,0.2677352302698343
2017-06-05 09:00:00,1.64,0,0.1429232189954421,0,TN,0.15707678100455788,2017-06-05 10:00:00,-1,FN,0.2677352302698343
2017-06-05 10:00:00,4.15,1,0.0322647697301657,0,FN,0.2677352302698343,2017-06-05 10:00:00,0,FN,0.2677352302698343
2017-06-05 11:00:00,1.5800000000000003,0,0.1795375107281294,0,TN,0.12046248927187059,2017-06-05 10:00:00,1,FN,0.2677352302698343
2017-06-05 12:00:00,2.06,0,0.2058147677587801,0,TN,0.09418523224121989,2017-06-05 10:00:00,2,FN,0.2677352302698343
2017-06-05 13:00:00,1.85,0,0.1620947701934861,0,TN,0.1379052298065139,2017-06-05 10:00:00,3,FN,0.2677352302698343
2017-05-04 21:00:00,1.8300000000000003,0,0.235606968909559,0,TN,0.06439303109044098,2017-05-05 00:00:00,-3,FP,0.2630193984125621
2017-05-04 22:00:00,2.01,0,0.2275930504544269,0,TN,0.07240694954557308,2017-05-05 00:00:00,-2,FP,0.2630193984125621
2017-05-04 23:00:00,1.8300000000000003,0,0.3771276625631789,1,FP,0.07712766256317893,2017-05-05 00:00:00,-1,FP,0.2630193984125621
2017-05-05 00:00:00,2.13,0,0.5630193984125621,1,FP,0.2630193984125621,2017-05-05 00:00:00,0,FP,0.2630193984125621
2017-05-05 01:00:00,2.03,0,0.4943377604095078,1,FP,0.1943377604095078,2017-05-05 00:00:00,1,FP,0.2630193984125621
2017-05-05 02:00:00,2.03,0,0.5036634472963262,1,FP,0.20366344729632618,2017-05-05 00:00:00,2,FP,0.2630193984125621
2017-05-05 03:00:00,4.72,1,0.6280456696199476,1,TP,0.3280456696199476,2017-05-05 00:00:00,3,FP,0.2630193984125621
2017-06-09 13:00:00,1.61,0,0.0469233614656657,0,TN,0.25307663853433426,2017-06-09 16:00:00,-3,FN,0.2598768138945441
2017-06-09 14:00:00,2.05,0,0.0896430118925812,0,TN,0.2103569881074188,2017-06-09 16:00:00,-2,FN,0.2598768138945441
2017-06-09 15:00:00,2.72,0,0.0546756648577017,0,TN,0.2453243351422983,2017-06-09 16:00:00,-1,FN,0.2598768138945441
2017-06-09 16:00:00,4.11,1,0.0401231861054559,0,FN,0.2598768138945441,2017-06-09 16:00:00,0,FN,0.2598768138945441
2017-06-09 17:00:00,2.13,0,0.1537901570701592,0,TN,0.1462098429298408,2017-06-09 16:00:00,1,FN,0.2598768138945441
2017-06-09 18:00:00,2.44,0,0.0638465243566413,0,TN,0.2361534756433587,2017-06-09 16:00:00,2,FN,0.2598768138945441
2017-06-09 19:00:00,1.79,0,0.1232846183866164,0,TN,0.17671538161338357,2017-06-09 16:00:00,3,FN,0.2598768138945441
2017-06-29 21:00:00,1.76,0,0.1189795025467055,0,TN,0.1810204974532945,2017-06-30 00:00:00,-3,FN,0.25987396763677806
2017-06-29 22:00:00,1.9,0,0.1170969799027317,0,TN,0.18290302009726828,2017-06-30 00:00:00,-2,FN,0.25987396763677806
2017-06-29 23:00:00,1.71,0,0.0734591459589967,0,TN,0.22654085404100327,2017-06-30 00:00:00,-1,FN,0.25987396763677806
2017-06-30 00:00:00,4.07,1,0.0401260323632219,0,FN,0.25987396763677806,2017-06-30 00:00:00,0,FN,0.25987396763677806
2017-06-30 01:00:00,1.82,0,0.1921433749386311,0,TN,0.1078566250613689,2017-06-30 00:00:00,1,FN,0.25987396763677806
2017-06-30 02:00:00,1.8300000000000003,0,0.0595121770806799,0,TN,0.24048782291932008,2017-06-30 00:00:00,2,FN,0.25987396763677806
2017-06-30 03:00:00,1.88,0,0.1123047637173178,0,TN,0.1876952362826822,2017-06-30 00:00:00,3,FN,0.25987396763677806
2017-05-08 14:00:00,3.6600000000000006,0,0.3589974971971453,1,FP,0.05899749719714531,2017-05-08 17:00:00,-3,FP,0.25848098852651763
2017-05-08 15:00:00,2.8,0,0.3569318878562616,1,FP,0.05693188785626163,2017-05-08 17:00:00,-2,FP,0.25848098852651763
2017-05-08 16:00:00,4.2,1,0.5011755838681622,1,TP,0.2011755838681622,2017-05-08 17:00:00,-1,FP,0.25848098852651763
2017-05-08 17:00:00,1.98,0,0.5584809885265176,1,FP,0.25848098852651763,2017-05-08 17:00:00,0,FP,0.25848098852651763
2017-05-08 18:00:00,2.75,0,0.4703282514612137,1,FP,0.17032825146121372,2017-05-08 17:00:00,1,FP,0.25848098852651763
2017-05-08 19:00:00,3.49,0,0.4202658226812581,1,FP,0.12026582268125813,2017-05-08 17:00:00,2,FP,0.25848098852651763
2017-05-08 20:00:00,3.17,0,0.3427187840197706,1,FP,0.042718784019770584,2017-05-08 17:00:00,3,FP,0.25848098852651763
2017-05-05 20:00:00,2.33,0,0.4938059026952336,1,FP,0.19380590269523362,2017-05-05 23:00:00,-3,FP,0.2570434634665713
2017-05-05 21:00:00,3.04,0,0.3559125882921665,1,FP,0.0559125882921665,2017-05-05 23:00:00,-2,FP,0.2570434634665713
2017-05-05 22:00:00,4.55,1,0.4302142937036609,1,TP,0.1302142937036609,2017-05-05 23:00:00,-1,FP,0.2570434634665713
2017-05-05 23:00:00,3.5899999999999994,0,0.5570434634665713,1,FP,0.2570434634665713,2017-05-05 23:00:00,0,FP,0.2570434634665713
2017-05-06 00:00:00,4.19,1,0.4091313122662502,1,TP,0.10913131226625022,2017-05-05 23:00:00,1,FP,0.2570434634665713
2017-05-06 01:00:00,4.248407356002222,1,0.4707011647782598,1,TP,0.1707011647782598,2017-05-05 23:00:00,2,FP,0.2570434634665713
2017-05-06 02:00:00,4.364576682857778,1,0.6442479147056502,1,TP,0.34424791470565025,2017-05-05 23:00:00,3,FP,0.2570434634665713
2017-06-22 13:00:00,1.1,0,0.0832787837078764,0,TN,0.2167212162921236,2017-06-22 16:00:00,-3,FN,0.2542890895845794
2017-06-22 14:00:00,1.1,0,0.1495524989092858,0,TN,0.1504475010907142,2017-06-22 16:00:00,-2,FN,0.2542890895845794
2017-06-22 15:00:00,1.1,0,0.1169082263741332,0,TN,0.1830917736258668,2017-06-22 16:00:00,-1,FN,0.2542890895845794
2017-06-22 16:00:00,4.19,1,0.0457109104154206,0,FN,0.2542890895845794,2017-06-22 16:00:00,0,FN,0.2542890895845794
2017-06-22 17:00:00,1.23,0,0.1245033426851405,0,TN,0.17549665731485947,2017-06-22 16:00:00,1,FN,0.2542890895845794
2017-06-22 18:00:00,1.04,0,0.0547983378965304,0,TN,0.24520166210346958,2017-06-22 16:00:00,2,FN,0.2542890895845794
2017-06-22 19:00:00,1.05,0,0.0745551224172496,0,TN,0.2254448775827504,2017-06-22 16:00:00,3,FN,0.2542890895845794
2017-05-08 00:00:00,4.34,1,0.3193642204606397,1,TP,0.019364220460639736,2017-05-08 04:00:00,-3,FP,0.2526549097714276
2017-05-08 01:00:00,2.75,0,0.4279795834781113,1,FP,0.12797958347811134,2017-05-08 04:00:00,-2,FP,0.2526549097714276
2017-05-08 02:00:00,3.1,0,0.3129971306878942,1,FP,0.01299713068789421,2017-05-08 04:00:00,-1,FP,0.2526549097714276
2017-05-08 04:00:00,2.1,0,0.5526549097714276,1,FP,0.2526549097714276,2017-05-08 04:00:00,0,FP,0.2526549097714276
2017-05-08 05:00:00,1.77,0,0.3977429494096903,1,FP,0.0977429494096903,2017-05-08 04:00:00,1,FP,0.2526549097714276
2017-05-08 06:00:00,2.37,0,0.4616602339598717,1,FP,0.16166023395987172,2017-05-08 04:00:00,2,FP,0.2526549097714276
2017-05-08 07:00:00,3.54,0,0.3909397356602076,1,FP,0.09093973566020763,2017-05-08 04:00:00,3,FP,0.2526549097714276
2017-07-14 10:00:00,1.62,0,0.078016569894091,0,TN,0.22198343010590899,2017-07-14 13:00:00,-3,FN,0.25163416087119106
2017-07-14 11:00:00,2.08,0,0.2293612067653347,0,TN,0.07063879323466529,2017-07-14 13:00:00,-2,FN,0.25163416087119106
2017-07-14 12:00:00,1.8,0,0.193105948979948,0,TN,0.10689405102005198,2017-07-14 13:00:00,-1,FN,0.25163416087119106
2017-07-14 13:00:00,4.73,1,0.0483658391288089,0,FN,0.25163416087119106,2017-07-14 13:00:00,0,FN,0.25163416087119106
2017-07-14 14:00:00,2.03,0,0.2687311726773838,0,TN,0.03126882732261621,2017-07-14 13:00:00,1,FN,0.25163416087119106
2017-07-14 15:00:00,1.63,0,0.2420538810132619,0,TN,0.0579461189867381,2017-07-14 13:00:00,2,FN,0.25163416087119106
2017-07-14 16:00:00,3.15,0,0.1596013353915922,0,TN,0.1403986646084078,2017-07-14 13:00:00,3,FN,0.25163416087119106
2017-04-27 14:00:00,5.1,1,0.4066778153426964,1,TP,0.10667781534269644,2017-04-27 17:00:00,-3,FN,0.2498822386257694
2017-04-27 15:00:00,3.3399999999999994,0,0.1625210342990953,0,TN,0.13747896570090468,2017-04-27 17:00:00,-2,FN,0.2498822386257694
2017-04-27 16:00:00,3.03,0,0.2787862523219195,0,TN,0.021213747678080486,2017-04-27 17:00:00,-1,FN,0.2498822386257694
2017-04-27 17:00:00,4.28,1,0.0501177613742306,0,FN,0.2498822386257694,2017-04-27 17:00:00,0,FN,0.2498822386257694
2017-04-27 18:00:00,3.83,0,0.261873787234337,0,TN,0.03812621276566297,2017-04-27 17:00:00,1,FN,0.2498822386257694
2017-04-27 19:00:00,2.18,0,0.292654056194234,0,TN,0.007345943805765975,2017-04-27 17:00:00,2,FN,0.2498822386257694
2017-04-27 20:00:00,1.17,0,0.3289876282544373,1,FP,0.028987628254437292,2017-04-27 17:00:00,3,FN,0.2498822386257694
2017-04-22 11:00:00,3.101027397261111,0,0.4711850298089473,1,FP,0.1711850298089473,2017-04-22 15:00:00,-3,FP,0.24951447739038862
2017-04-22 12:00:00,3.027054794519444,0,0.3421080041779266,1,FP,0.042108004177926595,2017-04-22 15:00:00,-2,FP,0.24951447739038862
2017-04-22 13:00:00,2.953082191781667,0,0.3890526255334321,1,FP,0.08905262553343213,2017-04-22 15:00:00,-1,FP,0.24951447739038862
2017-04-22 15:00:00,2.805136986301111,0,0.5495144773903886,1,FP,0.24951447739038862,2017-04-22 15:00:00,0,FP,0.24951447739038862
2017-04-22 16:00:00,2.7311643835627777,0,0.6417464767183391,1,FP,0.3417464767183391,2017-04-22 15:00:00,1,FP,0.24951447739038862
2017-04-22 17:00:00,2.657191780820556,0,0.5065684947790289,1,FP,0.2065684947790289,2017-04-22 15:00:00,2,FP,0.24951447739038862
2017-04-22 18:00:00,2.62,0,0.6020750226300096,1,FP,0.30207502263000957,2017-04-22 15:00:00,3,FP,0.24951447739038862
2017-05-04 01:00:00,3.52,0,0.1585832618437087,0,TN,0.1414167381562913,2017-05-04 04:00:00,-3,FN,0.2458786843906759
2017-05-04 02:00:00,2.41,0,0.2426042166158964,0,TN,0.05739578338410359,2017-05-04 04:00:00,-2,FN,0.2458786843906759
2017-05-04 03:00:00,2.59,0,0.2381468146742658,0,TN,0.061853185325734195,2017-05-04 04:00:00,-1,FN,0.2458786843906759
2017-05-04 04:00:00,4.01,1,0.0541213156093241,0,FN,0.2458786843906759,2017-05-04 04:00:00,0,FN,0.2458786843906759
2017-05-04 05:00:00,2.83,0,0.4499115848715512,1,FP,0.1499115848715512,2017-05-04 04:00:00,1,FN,0.2458786843906759
2017-05-04 06:00:00,2.92,0,0.3101608136702545,1,FP,0.01016081367025451,2017-05-04 04:00:00,2,FN,0.2458786843906759
2017-05-04 07:00:00,3.47,0,0.0855384929848335,0,TN,0.21446150701516647,2017-05-04 04:00:00,3,FN,0.2458786843906759
2017-06-28 13:00:00,1.33,0,0.10125116615442,0,TN,0.19874883384558,2017-06-28 16:00:00,-3,FN,0.2453499772633824
2017-06-28 14:00:00,1.33,0,0.0301664819826524,0,TN,0.26983351801734756,2017-06-28 16:00:00,-2,FN,0.2453499772633824
2017-06-28 15:00:00,3.61,0,0.1252160826749432,0,TN,0.1747839173250568,2017-06-28 16:00:00,-1,FN,0.2453499772633824
2017-06-28 16:00:00,4.92,1,0.0546500227366176,0,FN,0.2453499772633824,2017-06-28 16:00:00,0,FN,0.2453499772633824
2017-06-28 17:00:00,2.26,0,0.1821982053095994,0,TN,0.11780179469040059,2017-06-28 16:00:00,1,FN,0.2453499772633824
2017-06-28 18:00:00,2.21,0,0.1413073092631509,0,TN,0.15869269073684908,2017-06-28 16:00:00,2,FN,0.2453499772633824
2017-06-28 19:00:00,2.21,0,0.0779440362948061,0,TN,0.22205596370519387,2017-06-28 16:00:00,3,FN,0.2453499772633824
2017-07-01 04:00:00,1.52,0,0.0549514477050194,0,TN,0.2450485522949806,2017-07-01 07:00:00,-3,FN,0.2445824544853579
2017-07-01 05:00:00,1.28,0,0.1383871042107855,0,TN,0.16161289578921448,2017-07-01 07:00:00,-2,FN,0.2445824544853579
2017-07-01 06:00:00,3.2,0,0.1699925593176359,0,TN,0.13000744068236408,2017-07-01 07:00:00,-1,FN,0.2445824544853579
2017-07-01 07:00:00,4.29,1,0.0554175455146421,0,FN,0.2445824544853579,2017-07-01 07:00:00,0,FN,0.2445824544853579
2017-07-01 08:00:00,2.28,0,0.2383641679450746,0,TN,0.0616358320549254,2017-07-01 07:00:00,1,FN,0.2445824544853579
2017-07-01 09:00:00,1.62,0,0.1273595647918855,0,TN,0.17264043520811448,2017-07-01 07:00:00,2,FN,0.2445824544853579
2017-07-01 10:00:00,2.19,0,0.1553695048394647,0,TN,0.14463049516053528,2017-07-01 07:00:00,3,FN,0.2445824544853579
2017-06-27 15:00:00,2.08,0,0.0506917791455709,0,TN,0.24930822085442908,2017-06-27 18:00:00,-3,FN,0.24173525292985218
2017-06-27 16:00:00,2.08,0,0.1057281475158436,0,TN,0.1942718524841564,2017-06-27 18:00:00,-2,FN,0.24173525292985218
2017-06-27 17:00:00,3.4400000000000004,0,0.1982335931483735,0,TN,0.1017664068516265,2017-06-27 18:00:00,-1,FN,0.24173525292985218
2017-06-27 18:00:00,5.37,1,0.0582647470701478,0,FN,0.24173525292985218,2017-06-27 18:00:00,0,FN,0.24173525292985218
2017-06-27 19:00:00,3.12,0,0.1675307124185341,0,TN,0.1324692875814659,2017-06-27 18:00:00,1,FN,0.24173525292985218
2017-06-27 20:00:00,2.21,0,0.1544088675732634,0,TN,0.1455911324267366,2017-06-27 18:00:00,2,FN,0.24173525292985218
2017-06-27 21:00:00,2.08,0,0.0721465907844539,0,TN,0.2278534092155461,2017-06-27 18:00:00,3,FN,0.24173525292985218
2017-04-23 15:00:00,4.96,1,0.4059906892605667,1,TP,0.1059906892605667,2017-04-23 18:00:00,-3,FP,0.23836360073691348
2017-04-23 16:00:00,2.4,0,0.3792261756615883,1,FP,0.0792261756615883,2017-04-23 18:00:00,-2,FP,0.23836360073691348
2017-04-23 17:00:00,3.53,0,0.3747845303548711,1,FP,0.07478453035487109,2017-04-23 18:00:00,-1,FP,0.23836360073691348
2017-04-23 18:00:00,3.79,0,0.5383636007369135,1,FP,0.23836360073691348,2017-04-23 18:00:00,0,FP,0.23836360073691348
2017-04-23 19:00:00,4.05,1,0.3995184262498503,1,TP,0.0995184262498503,2017-04-23 18:00:00,1,FP,0.23836360073691348
2017-04-23 20:00:00,5.23,1,0.4802254982669071,1,TP,0.1802254982669071,2017-04-23 18:00:00,2,FP,0.23836360073691348
2017-04-23 21:00:00,4.4,1,0.5037944097809411,1,TP,0.20379440978094115,2017-04-23 18:00:00,3,FP,0.23836360073691348
2017-05-05 12:00:00,4.54,1,0.4770882644628738,1,TP,0.1770882644628738,2017-05-05 15:00:00,-3,FP,0.23643528229765326
2017-05-05 13:00:00,4.484999999999999,1,0.6380912298307364,1,TP,0.3380912298307364,2017-05-05 15:00:00,-2,FP,0.23643528229765326
2017-05-05 14:00:00,4.43,1,0.5969020510787719,1,TP,0.29690205107877193,2017-05-05 15:00:00,-1,FP,0.23643528229765326
2017-05-05 15:00:00,2.07,0,0.5364352822976532,1,FP,0.23643528229765326,2017-05-05 15:00:00,0,FP,0.23643528229765326
2017-05-05 16:00:00,2.27,0,0.4286112171909333,1,FP,0.12861121719093332,2017-05-05 15:00:00,1,FP,0.23643528229765326
2017-05-05 17:00:00,4.06,1,0.3774270661164384,1,TP,0.0774270661164384,2017-05-05 15:00:00,2,FP,0.23643528229765326
2017-05-05 18:00:00,2.85,0,0.4377064705405635,1,FP,0.1377064705405635,2017-05-05 15:00:00,3,FP,0.23643528229765326
2017-04-21 18:00:00,4.59,1,0.4371555621965013,1,TP,0.13715556219650132,2017-04-21 21:00:00,-3,FP,0.23433488873587688
2017-04-21 19:00:00,4.24,1,0.509771993247257,1,TP,0.20977199324725698,2017-04-21 21:00:00,-2,FP,0.23433488873587688
2017-04-21 20:00:00,2.83,0,0.4585629512345217,1,FP,0.1585629512345217,2017-04-21 21:00:00,-1,FP,0.23433488873587688
2017-04-21 21:00:00,2.6,0,0.5343348887358769,1,FP,0.23433488873587688,2017-04-21 21:00:00,0,FP,0.23433488873587688
2017-04-21 22:00:00,3.73,0,0.5257189353198958,1,FP,0.22571893531989579,2017-04-21 21:00:00,1,FP,0.23433488873587688
2017-04-21 23:00:00,2.23,0,0.5309356264160788,1,FP,0.23093562641607884,2017-04-21 21:00:00,2,FP,0.23433488873587688
2017-04-22 00:00:00,3.64,0,0.3638293352433975,1,FP,0.06382933524339751,2017-04-21 21:00:00,3,FP,0.23433488873587688
2017-05-19 05:00:00,4.127882382633889,1,0.40859269958315,1,TP,0.10859269958314999,2017-05-19 08:00:00,-3,FP,0.23142671501726791
2017-05-19 06:00:00,3.974323573953334,0,0.4392972904720394,1,FP,0.13929729047203943,2017-05-19 08:00:00,-2,FP,0.23142671501726791
2017-05-19 07:00:00,3.820764765271111,0,0.6541336441787006,1,FP,0.3541336441787006,2017-05-19 08:00:00,-1,FP,0.23142671501726791
2017-05-19 08:00:00,3.667205956587778,0,0.5314267150172679,1,FP,0.23142671501726791,2017-05-19 08:00:00,0,FP,0.23142671501726791
2017-05-19 09:00:00,3.5899999999999994,0,0.4058069002717923,1,FP,0.10580690027179229,2017-05-19 08:00:00,1,FP,0.23142671501726791
2017-05-19 10:00:00,3.97,0,0.1359233670846334,0,TN,0.1640766329153666,2017-05-19 08:00:00,2,FP,0.23142671501726791
2017-05-19 11:00:00,3.8170775623255553,0,0.1587399360018743,0,TN,0.14126006399812568,2017-05-19 08:00:00,3,FP,0.23142671501726791
2017-04-16 19:00:00,2.33,0,0.2646827745625527,0,TN,0.03531722543744731,2017-04-16 23:00:00,-3,FN,0.2311065569190509
2017-04-16 20:00:00,2.37,0,0.2921431086297362,0,TN,0.007856891370263797,2017-04-16 23:00:00,-2,FN,0.2311065569190509
2017-04-16 22:00:00,2.41,0,0.3405705295138727,1,FP,0.04057052951387269,2017-04-16 23:00:00,-1,FN,0.2311065569190509
2017-04-16 23:00:00,4.09,1,0.0688934430809491,0,FN,0.2311065569190509,2017-04-16 23:00:00,0,FN,0.2311065569190509
2017-04-17 00:00:00,3.27,0,0.1174653922319831,0,TN,0.1825346077680169,2017-04-16 23:00:00,1,FN,0.2311065569190509
2017-04-17 02:00:00,4.12,1,0.1279509319339097,0,FN,0.1720490680660903,2017-04-16 23:00:00,2,FN,0.2311065569190509
2017-04-17 03:00:00,2.41,0,0.076869775954602,0,TN,0.223130224045398,2017-04-16 23:00:00,3,FN,0.2311065569190509
2017-04-21 20:00:00,2.83,0,0.4585629512345217,1,FP,0.1585629512345217,2017-04-21 23:00:00,-3,FP,0.23093562641607884
2017-04-21 21:00:00,2.6,0,0.5343348887358769,1,FP,0.23433488873587688,2017-04-21 23:00:00,-2,FP,0.23093562641607884
2017-04-21 22:00:00,3.73,0,0.5257189353198958,1,FP,0.22571893531989579,2017-04-21 23:00:00,-1,FP,0.23093562641607884
2017-04-21 23:00:00,2.23,0,0.5309356264160788,1,FP,0.23093562641607884,2017-04-21 23:00:00,0,FP,0.23093562641607884
2017-04-22 00:00:00,3.64,0,0.3638293352433975,1,FP,0.06382933524339751,2017-04-21 23:00:00,1,FP,0.23093562641607884
2017-04-22 01:00:00,3.38,0,0.3854396862994064,1,FP,0.0854396862994064,2017-04-21 23:00:00,2,FP,0.23093562641607884
2017-04-22 02:00:00,3.73,0,0.3521351490331492,1,FP,0.0521351490331492,2017-04-21 23:00:00,3,FP,0.23093562641607884
2017-08-09 04:00:00,3.36,0,0.0755329552731601,0,TN,0.22446704472683987,2017-08-09 09:00:00,-3,FN,0.2294824418081177
2017-08-09 05:00:00,2.54,0,0.1320917086890757,0,TN,0.1679082913109243,2017-08-09 09:00:00,-2,FN,0.2294824418081177
2017-08-09 08:00:00,3.9781440443222222,0,0.1893336081640342,0,TN,0.1106663918359658,2017-08-09 09:00:00,-1,FN,0.2294824418081177
2017-08-09 09:00:00,4.65,1,0.0705175581918823,0,FN,0.2294824418081177,2017-08-09 09:00:00,0,FN,0.2294824418081177
2017-08-09 10:00:00,3.58,0,0.1784890453468634,0,TN,0.12151095465313658,2017-08-09 09:00:00,1,FN,0.2294824418081177
2017-08-09 11:00:00,2.51,0,0.2034305191588376,0,TN,0.09656948084116238,2017-08-09 09:00:00,2,FN,0.2294824418081177
2017-08-09 12:00:00,1.86,0,0.2720450305225063,0,TN,0.027954969477493707,2017-08-09 09:00:00,3,FN,0.2294824418081177
2017-08-10 08:00:00,3.1,0,0.3014689139151248,1,FP,0.0014689139151248254,2017-08-10 11:00:00,-3,FP,0.2278439159869246
2017-08-10 09:00:00,5.52,1,0.2464960327478804,0,FN,0.05350396725211959,2017-08-10 11:00:00,-2,FP,0.2278439159869246
2017-08-10 10:00:00,4.255,1,0.2260628388426854,0,FN,0.07393716115731458,2017-08-10 11:00:00,-1,FP,0.2278439159869246
2017-08-10 11:00:00,2.99,0,0.5278439159869246,1,FP,0.2278439159869246,2017-08-10 11:00:00,0,FP,0.2278439159869246
2017-08-10 12:00:00,4.14,1,0.1886789131254581,0,FN,0.1113210868745419,2017-08-10 11:00:00,1,FP,0.2278439159869246
2017-08-10 13:00:00,3.8,0,0.1366483137257682,0,TN,0.1633516862742318,2017-08-10 11:00:00,2,FP,0.2278439159869246
2017-08-10 14:00:00,2.62,0,0.0954224138093751,0,TN,0.20457758619062488,2017-08-10 11:00:00,3,FP,0.2278439159869246
2017-06-23 12:00:00,3.53,0,0.1075325525086253,0,TN,0.19246744749137468,2017-06-23 15:00:00,-3,FN,0.22630348095176267
2017-06-23 13:00:00,3.17,0,0.1714242989345435,0,TN,0.1285757010654565,2017-06-23 15:00:00,-2,FN,0.22630348095176267
2017-06-23 14:00:00,3.7,0,0.2399690853317267,0,TN,0.06003091466827329,2017-06-23 15:00:00,-1,FN,0.22630348095176267
2017-06-23 15:00:00,4.29,1,0.0736965190482373,0,FN,0.22630348095176267,2017-06-23 15:00:00,0,FN,0.22630348095176267
2017-06-23 16:00:00,3.42,0,0.0623512496211742,0,TN,0.2376487503788258,2017-06-23 15:00:00,1,FN,0.22630348095176267
2017-06-23 17:00:00,2.59,0,0.0589665891245534,0,TN,0.24103341087544658,2017-06-23 15:00:00,2,FN,0.22630348095176267
2017-06-23 18:00:00,2.43,0,0.0908220657532919,0,TN,0.2091779342467081,2017-06-23 15:00:00,3,FN,0.22630348095176267
2017-04-21 19:00:00,4.24,1,0.509771993247257,1,TP,0.20977199324725698,2017-04-21 22:00:00,-3,FP,0.22571893531989579
2017-04-21 20:00:00,2.83,0,0.4585629512345217,1,FP,0.1585629512345217,2017-04-21 22:00:00,-2,FP,0.22571893531989579
2017-04-21 21:00:00,2.6,0,0.5343348887358769,1,FP,0.23433488873587688,2017-04-21 22:00:00,-1,FP,0.22571893531989579
2017-04-21 22:00:00,3.73,0,0.5257189353198958,1,FP,0.22571893531989579,2017-04-21 22:00:00,0,FP,0.22571893531989579
2017-04-21 23:00:00,2.23,0,0.5309356264160788,1,FP,0.23093562641607884,2017-04-21 22:00:00,1,FP,0.22571893531989579
2017-04-22 00:00:00,3.64,0,0.3638293352433975,1,FP,0.06382933524339751,2017-04-21 22:00:00,2,FP,0.22571893531989579
2017-04-22 01:00:00,3.38,0,0.3854396862994064,1,FP,0.0854396862994064,2017-04-21 22:00:00,3,FP,0.22571893531989579
2017-05-23 14:00:00,1.7,0,0.0701907789633825,0,TN,0.2298092210366175,2017-05-23 17:00:00,-3,FN,0.2253765332103821
2017-05-23 15:00:00,1.68,0,0.1727472536347428,0,TN,0.12725274636525719,2017-05-23 17:00:00,-2,FN,0.2253765332103821
2017-05-23 16:00:00,1.64,0,0.2241058541176006,0,TN,0.0758941458823994,2017-05-23 17:00:00,-1,FN,0.2253765332103821
2017-05-23 17:00:00,4.32,1,0.0746234667896179,0,FN,0.2253765332103821,2017-05-23 17:00:00,0,FN,0.2253765332103821
2017-05-23 18:00:00,1.77,0,0.1534076713991943,0,TN,0.14659232860080568,2017-05-23 17:00:00,1,FN,0.2253765332103821
2017-05-23 19:00:00,1.7,0,0.0404127441532761,0,TN,0.2595872558467239,2017-05-23 17:00:00,2,FN,0.2253765332103821
2017-05-23 21:00:00,2.47,0,0.1067510791495454,0,TN,0.1932489208504546,2017-05-23 17:00:00,3,FN,0.2253765332103821
2017-08-31 19:00:00,2.54,0,0.3211584027823263,1,FP,0.021158402782326335,2017-08-31 22:00:00,-3,FN,0.2240512328154236
2017-08-31 20:00:00,2.57,0,0.2709475309336764,0,TN,0.029052469066323583,2017-08-31 22:00:00,-2,FN,0.2240512328154236
2017-08-31 21:00:00,3.53,0,0.4520432975958301,1,FP,0.15204329759583013,2017-08-31 22:00:00,-1,FN,0.2240512328154236
2017-08-31 22:00:00,4.12,1,0.0759487671845764,0,FN,0.2240512328154236,2017-08-31 22:00:00,0,FN,0.2240512328154236
2017-08-31 23:00:00,3.6600000000000006,0,0.5092094231511435,1,FP,0.2092094231511435,2017-08-31 22:00:00,1,FN,0.2240512328154236
2017-09-01 00:00:00,4.96,1,0.3575777854672384,1,TP,0.05757778546723841,2017-08-31 22:00:00,2,FN,0.2240512328154236
2017-09-01 01:00:00,4.897326869805555,1,0.342525056537938,1,TP,0.04252505653793803,2017-08-31 22:00:00,3,FN,0.2240512328154236
2017-04-12 13:00:00,2.13,0,0.2805527054195882,0,TN,0.019447294580411778,2017-04-12 16:00:00,-3,FN,0.2234258966923312
2017-04-12 14:00:00,2.27,0,0.1634416730345509,0,TN,0.1365583269654491,2017-04-12 16:00:00,-2,FN,0.2234258966923312
2017-04-12 15:00:00,2.34,0,0.1531925921657911,0,TN,0.1468074078342089,2017-04-12 16:00:00,-1,FN,0.2234258966923312
2017-04-12 16:00:00,4.88,1,0.0765741033076688,0,FN,0.2234258966923312,2017-04-12 16:00:00,0,FN,0.2234258966923312
2017-04-12 17:00:00,2.64,0,0.1274528361378461,0,TN,0.17254716386215388,2017-04-12 16:00:00,1,FN,0.2234258966923312
2017-04-12 18:00:00,1.77,0,0.0969457695989039,0,TN,0.2030542304010961,2017-04-12 16:00:00,2,FN,0.2234258966923312
2017-04-12 19:00:00,1.77,0,0.0806441041337221,0,TN,0.2193558958662779,2017-04-12 16:00:00,3,FN,0.2234258966923312
2017-03-13 16:00:00,1.9,0,0.1556452750092548,0,TN,0.1443547249907452,2017-03-13 19:00:00,-3,FP,0.22173769654001513
2017-03-13 17:00:00,2.48,0,0.2331670093527119,0,TN,0.06683299064728809,2017-03-13 19:00:00,-2,FP,0.22173769654001513
2017-03-13 18:00:00,3.01,0,0.3704442771247364,1,FP,0.07044427712473639,2017-03-13 19:00:00,-1,FP,0.22173769654001513
2017-03-13 19:00:00,2.9,0,0.5217376965400151,1,FP,0.22173769654001513,2017-03-13 19:00:00,0,FP,0.22173769654001513
2017-03-13 20:00:00,4.17,1,0.2389445785062922,0,FN,0.061055421493707795,2017-03-13 19:00:00,1,FP,0.22173769654001513
2017-03-13 21:00:00,3.88,0,0.3049761277325638,1,FP,0.004976127732563784,2017-03-13 19:00:00,2,FP,0.22173769654001513
2017-03-13 22:00:00,4.3,1,0.302086785068268,1,TP,0.0020867850682680378,2017-03-13 19:00:00,3,FP,0.22173769654001513
2017-08-30 23:00:00,4.075937846836667,1,0.55429200469687,1,TP,0.25429200469687,2017-08-31 02:00:00,-3,FP,0.2211410073401459
2017-08-31 00:00:00,4.131875693674445,1,0.4867375302268633,1,TP,0.1867375302268633,2017-08-31 02:00:00,-2,FP,0.2211410073401459
2017-08-31 01:00:00,4.16,1,0.4152653363177965,1,TP,0.11526533631779651,2017-08-31 02:00:00,-1,FP,0.2211410073401459
2017-08-31 02:00:00,2.49,0,0.5211410073401459,1,FP,0.2211410073401459,2017-08-31 02:00:00,0,FP,0.2211410073401459
2017-08-31 03:00:00,2.67,0,0.7100158584340619,1,FP,0.4100158584340619,2017-08-31 02:00:00,1,FP,0.2211410073401459
2017-08-31 04:00:00,4.07,1,0.4274570707980573,1,TP,0.1274570707980573,2017-08-31 02:00:00,2,FP,0.2211410073401459
2017-08-31 05:00:00,2.38,0,0.6958321243406348,1,FP,0.3958321243406348,2017-08-31 02:00:00,3,FP,0.2211410073401459
2017-08-19 12:00:00,2.02,0,0.1792908586541421,0,TN,0.12070914134585789,2017-08-19 15:00:00,-3,FP,0.21676357230079485
2017-08-19 13:00:00,1.88,0,0.2673737581510488,0,TN,0.03262624184895119,2017-08-19 15:00:00,-2,FP,0.21676357230079485
2017-08-19 14:00:00,4.33,1,0.2469152790911591,0,FN,0.05308472090884089,2017-08-19 15:00:00,-1,FP,0.21676357230079485
2017-08-19 15:00:00,3.48,0,0.5167635723007948,1,FP,0.21676357230079485,2017-08-19 15:00:00,0,FP,0.21676357230079485
2017-08-19 16:00:00,3.49,0,0.4830755981273251,1,FP,0.1830755981273251,2017-08-19 15:00:00,1,FP,0.21676357230079485
2017-08-19 17:00:00,4.51,1,0.3047497647442413,1,TP,0.004749764744241325,2017-08-19 15:00:00,2,FP,0.21676357230079485
2017-08-19 18:00:00,5.53,1,0.4292703902963237,1,TP,0.1292703902963237,2017-08-19 15:00:00,3,FP,0.21676357230079485
2017-05-23 06:00:00,3.08,0,0.1133310433324429,0,TN,0.1866689566675571,2017-05-23 11:00:00,-3,FN,0.2161166247774338
2017-05-23 07:00:00,3.21,0,0.0738412588460091,0,TN,0.22615874115399087,2017-05-23 11:00:00,-2,FN,0.2161166247774338
2017-05-23 09:00:00,2.56,0,0.069188890495707,0,TN,0.23081110950429298,2017-05-23 11:00:00,-1,FN,0.2161166247774338
2017-05-23 11:00:00,4.99,1,0.0838833752225662,0,FN,0.2161166247774338,2017-05-23 11:00:00,0,FN,0.2161166247774338
2017-05-23 12:00:00,2.15,0,0.3346337094628209,1,FP,0.034633709462820905,2017-05-23 11:00:00,1,FN,0.2161166247774338
2017-05-23 13:00:00,1.64,0,0.153074758455742,0,TN,0.14692524154425798,2017-05-23 11:00:00,2,FN,0.2161166247774338
2017-05-23 14:00:00,1.7,0,0.0701907789633825,0,TN,0.2298092210366175,2017-05-23 11:00:00,3,FN,0.2161166247774338
2017-08-29 21:00:00,3.89,0,0.1004353319838778,0,TN,0.1995646680161222,2017-08-30 00:00:00,-3,FP,0.2133546182094947
2017-08-29 22:00:00,2.97,0,0.2547527746548786,0,TN,0.04524722534512138,2017-08-30 00:00:00,-2,FP,0.2133546182094947
2017-08-29 23:00:00,4.68,1,0.3889738120263011,1,TP,0.08897381202630111,2017-08-30 00:00:00,-1,FP,0.2133546182094947
2017-08-30 00:00:00,2.72,0,0.5133546182094947,1,FP,0.2133546182094947,2017-08-30 00:00:00,0,FP,0.2133546182094947
2017-08-30 01:00:00,4.04,1,0.6073283941257279,1,TP,0.30732839412572793,2017-08-30 00:00:00,1,FP,0.2133546182094947
2017-08-30 02:00:00,4.99,1,0.8806376694018553,1,TP,0.5806376694018553,2017-08-30 00:00:00,2,FP,0.2133546182094947
2017-08-30 03:00:00,5.08,1,0.7664917383008801,1,TP,0.46649173830088014,2017-08-30 00:00:00,3,FP,0.2133546182094947
2017-06-12 07:00:00,2.18,0,0.1188058745672203,0,TN,0.18119412543277968,2017-06-12 10:00:00,-3,FN,0.21265299303341967
2017-06-12 08:00:00,1.82,0,0.104050147194807,0,TN,0.195949852805193,2017-06-12 10:00:00,-2,FN,0.21265299303341967
2017-06-12 09:00:00,2.03,0,0.0369816859355282,0,TN,0.2630183140644718,2017-06-12 10:00:00,-1,FN,0.21265299303341967
2017-06-12 10:00:00,4.28,1,0.0873470069665803,0,FN,0.21265299303341967,2017-06-12 10:00:00,0,FN,0.21265299303341967
2017-06-12 11:00:00,1.81,0,0.185430927423781,0,TN,0.11456907257621898,2017-06-12 10:00:00,1,FN,0.21265299303341967
2017-06-12 12:00:00,2.43,0,0.1622604656219567,0,TN,0.1377395343780433,2017-06-12 10:00:00,2,FN,0.21265299303341967
2017-06-12 13:00:00,1.81,0,0.0560023066442462,0,TN,0.24399769335575378,2017-06-12 10:00:00,3,FN,0.21265299303341967
2017-06-13 23:00:00,4.965145631067222,1,0.2376104029599347,0,FN,0.062389597040065276,2017-06-14 02:00:00,-3,FN,0.21196982393811759
2017-06-14 00:00:00,5.035048543689444,1,0.3248604711114946,1,TP,0.024860471111494586,2017-06-14 02:00:00,-2,FN,0.21196982393811759
2017-06-14 01:00:00,5.104951456310555,1,0.3250639226794826,1,TP,0.025063922679482598,2017-06-14 02:00:00,-1,FN,0.21196982393811759
2017-06-14 02:00:00,5.1748543689327775,1,0.0880301760618824,0,FN,0.21196982393811759,2017-06-14 02:00:00,0,FN,0.21196982393811759
2017-06-14 03:00:00,5.21,1,0.0925696027263952,0,FN,0.2074303972736048,2017-06-14 02:00:00,1,FN,0.21196982393811759
2017-06-14 04:00:00,2.99,0,0.1615139261677735,0,TN,0.1384860738322265,2017-06-14 02:00:00,2,FN,0.21196982393811759
2017-06-14 05:00:00,3.33,0,0.114532554490883,0,TN,0.18546744550911698,2017-06-14 02:00:00,3,FN,0.21196982393811759
2017-08-24 22:00:00,1.2,0,0.0724462101872157,0,TN,0.2275537898127843,2017-08-25 01:00:00,-3,FN,0.2116054288144185
2017-08-24 23:00:00,1.44,0,0.0234094156065843,0,TN,0.27659058439341566,2017-08-25 01:00:00,-2,FN,0.2116054288144185
2017-08-25 00:00:00,1.26,0,0.0579181625333203,0,TN,0.2420818374666797,2017-08-25 01:00:00,-1,FN,0.2116054288144185
2017-08-25 01:00:00,4.13,1,0.0883945711855815,0,FN,0.2116054288144185,2017-08-25 01:00:00,0,FN,0.2116054288144185
2017-08-25 02:00:00,1.4,0,0.1143421301054903,0,TN,0.1856578698945097,2017-08-25 01:00:00,1,FN,0.2116054288144185
2017-08-25 03:00:00,2.28,0,0.2567377331896135,0,TN,0.043262266810386474,2017-08-25 01:00:00,2,FN,0.2116054288144185
2017-08-25 04:00:00,1.31,0,0.154371000495676,0,TN,0.14562899950432398,2017-08-25 01:00:00,3,FN,0.2116054288144185
2017-07-31 00:00:00,2.06,0,0.2401319952654252,0,TN,0.05986800473457479,2017-07-31 03:00:00,-3,FN,0.2109461659528512
2017-07-31 01:00:00,2.06,0,0.2004504768895631,0,TN,0.09954952311043688,2017-07-31 03:00:00,-2,FN,0.2109461659528512
2017-07-31 02:00:00,3.39,0,0.1549075384142477,0,TN,0.14509246158575229,2017-07-31 03:00:00,-1,FN,0.2109461659528512
2017-07-31 03:00:00,4.72,1,0.0890538340471488,0,FN,0.2109461659528512,2017-07-31 03:00:00,0,FN,0.2109461659528512
2017-07-31 04:00:00,3.54,0,0.3154790947343611,1,FP,0.015479094734361099,2017-07-31 03:00:00,1,FN,0.2109461659528512
2017-07-31 05:00:00,3.11,0,0.237139635156137,0,TN,0.06286036484386298,2017-07-31 03:00:00,2,FN,0.2109461659528512
2017-07-31 06:00:00,3.1900000000000004,0,0.2661976885252939,0,TN,0.03380231147470608,2017-07-31 03:00:00,3,FN,0.2109461659528512
2017-04-21 05:00:00,2.23,0,0.1106155307379192,0,TN,0.1893844692620808,2017-04-21 08:00:00,-3,FP,0.20921403234409236
2017-04-21 06:00:00,2.23,0,0.294050197495766,0,TN,0.005949802504233992,2017-04-21 08:00:00,-2,FP,0.20921403234409236
2017-04-21 07:00:00,2.676645101663889,0,0.6060752967448045,1,FP,0.30607529674480455,2017-04-21 08:00:00,-1,FP,0.20921403234409236
2017-04-21 08:00:00,3.5650000000000004,0,0.5092140323440923,1,FP,0.20921403234409236,2017-04-21 08:00:00,0,FP,0.20921403234409236
2017-04-21 09:00:00,4.453354898336111,1,0.2578051725858788,0,FN,0.04219482741412117,2017-04-21 08:00:00,1,FP,0.20921403234409236
2017-04-21 10:00:00,4.9,1,0.3484101475708333,1,TP,0.048410147570833284,2017-04-21 08:00:00,2,FP,0.20921403234409236
2017-04-21 11:00:00,3.26,0,0.4777129235830969,1,FP,0.17771292358309693,2017-04-21 08:00:00,3,FP,0.20921403234409236
2017-08-31 20:00:00,2.57,0,0.2709475309336764,0,TN,0.029052469066323583,2017-08-31 23:00:00,-3,FP,0.2092094231511435
2017-08-31 21:00:00,3.53,0,0.4520432975958301,1,FP,0.15204329759583013,2017-08-31 23:00:00,-2,FP,0.2092094231511435
2017-08-31 22:00:00,4.12,1,0.0759487671845764,0,FN,0.2240512328154236,2017-08-31 23:00:00,-1,FP,0.2092094231511435
2017-08-31 23:00:00,3.6600000000000006,0,0.5092094231511435,1,FP,0.2092094231511435,2017-08-31 23:00:00,0,FP,0.2092094231511435
2017-09-01 00:00:00,4.96,1,0.3575777854672384,1,TP,0.05757778546723841,2017-08-31 23:00:00,1,FP,0.2092094231511435
2017-09-01 01:00:00,4.897326869805555,1,0.342525056537938,1,TP,0.04252505653793803,2017-08-31 23:00:00,2,FP,0.2092094231511435
2017-09-01 02:00:00,4.772673130194445,1,0.2635286824280863,0,FN,0.036471317571913686,2017-08-31 23:00:00,3,FP,0.2092094231511435
2017-06-14 00:00:00,5.035048543689444,1,0.3248604711114946,1,TP,0.024860471111494586,2017-06-14 03:00:00,-3,FN,0.2074303972736048
2017-06-14 01:00:00,5.104951456310555,1,0.3250639226794826,1,TP,0.025063922679482598,2017-06-14 03:00:00,-2,FN,0.2074303972736048
2017-06-14 02:00:00,5.1748543689327775,1,0.0880301760618824,0,FN,0.21196982393811759,2017-06-14 03:00:00,-1,FN,0.2074303972736048
2017-06-14 03:00:00,5.21,1,0.0925696027263952,0,FN,0.2074303972736048,2017-06-14 03:00:00,0,FN,0.2074303972736048
2017-06-14 04:00:00,2.99,0,0.1615139261677735,0,TN,0.1384860738322265,2017-06-14 03:00:00,1,FN,0.2074303972736048
2017-06-14 05:00:00,3.33,0,0.114532554490883,0,TN,0.18546744550911698,2017-06-14 03:00:00,2,FN,0.2074303972736048
2017-06-14 06:00:00,3.3200000000000003,0,0.10860430210507,0,TN,0.19139569789493,2017-06-14 03:00:00,3,FN,0.2074303972736048
2017-05-09 18:00:00,3.365,0,0.3913899926727765,1,FP,0.09138999267277653,2017-05-09 21:00:00,-3,FP,0.2068725823420407
2017-05-09 19:00:00,2.09,0,0.2792227294388979,0,TN,0.020777270561102068,2017-05-09 21:00:00,-2,FP,0.2068725823420407
2017-05-09 20:00:00,2.52,0,0.4532210294926049,1,FP,0.1532210294926049,2017-05-09 21:00:00,-1,FP,0.2068725823420407
2017-05-09 21:00:00,2.32,0,0.5068725823420407,1,FP,0.2068725823420407,2017-05-09 21:00:00,0,FP,0.2068725823420407
2017-05-09 23:00:00,2.4,0,0.4595082256010769,1,FP,0.15950822560107691,2017-05-09 21:00:00,1,FP,0.2068725823420407
2017-05-10 00:00:00,2.22,0,0.4833653247466006,1,FP,0.1833653247466006,2017-05-09 21:00:00,2,FP,0.2068725823420407
2017-05-10 01:00:00,1.85,0,0.3825372221010047,1,FP,0.08253722210100473,2017-05-09 21:00:00,3,FP,0.2068725823420407
2017-04-22 13:00:00,2.953082191781667,0,0.3890526255334321,1,FP,0.08905262553343213,2017-04-22 17:00:00,-3,FP,0.2065684947790289
2017-04-22 15:00:00,2.805136986301111,0,0.5495144773903886,1,FP,0.24951447739038862,2017-04-22 17:00:00,-2,FP,0.2065684947790289
2017-04-22 16:00:00,2.7311643835627777,0,0.6417464767183391,1,FP,0.3417464767183391,2017-04-22 17:00:00,-1,FP,0.2065684947790289
2017-04-22 17:00:00,2.657191780820556,0,0.5065684947790289,1,FP,0.2065684947790289,2017-04-22 17:00:00,0,FP,0.2065684947790289
2017-04-22 18:00:00,2.62,0,0.6020750226300096,1,FP,0.30207502263000957,2017-04-22 17:00:00,1,FP,0.2065684947790289
2017-04-22 19:00:00,5.11,1,0.399443573916356,1,TP,0.099443573916356,2017-04-22 17:00:00,2,FP,0.2065684947790289
2017-04-22 21:00:00,5.003201727327777,1,0.5337274598856009,1,TP,0.2337274598856009,2017-04-22 17:00:00,3,FP,0.2065684947790289
2017-03-14 08:00:00,4.06,1,0.3561840151946605,1,TP,0.056184015194660486,2017-03-14 11:00:00,-3,FP,0.20578789923359758
2017-03-14 09:00:00,1.3,0,0.2784725722047645,0,TN,0.021527427795235476,2017-03-14 11:00:00,-2,FP,0.20578789923359758
2017-03-14 10:00:00,5.3,1,0.3360092133396206,1,TP,0.036009213339620594,2017-03-14 11:00:00,-1,FP,0.20578789923359758
2017-03-14 11:00:00,1.24,0,0.5057878992335976,1,FP,0.20578789923359758,2017-03-14 11:00:00,0,FP,0.20578789923359758
2017-03-14 12:00:00,2.08,0,0.206399060833251,0,TN,0.093600939166749,2017-03-14 11:00:00,1,FP,0.20578789923359758
2017-03-14 13:00:00,2.66,0,0.4671653048106342,1,FP,0.16716530481063419,2017-03-14 11:00:00,2,FP,0.20578789923359758
2017-03-14 14:00:00,2.49,0,0.2394598569688257,0,TN,0.060540143031174276,2017-03-14 11:00:00,3,FP,0.20578789923359758
2017-09-02 08:00:00,2.9400000000000004,0,0.2826614545921405,0,TN,0.017338545407859507,2017-09-02 11:00:00,-3,FP,0.2052192462438664
2017-09-02 09:00:00,3.98,0,0.3744419055098232,1,FP,0.07444190550982321,2017-09-02 11:00:00,-2,FP,0.2052192462438664
2017-09-02 10:00:00,4.44,1,0.1352809839033822,0,FN,0.1647190160966178,2017-09-02 11:00:00,-1,FP,0.2052192462438664
2017-09-02 11:00:00,2.47,0,0.5052192462438664,1,FP,0.2052192462438664,2017-09-02 11:00:00,0,FP,0.2052192462438664
2017-09-02 12:00:00,2.15,0,0.2581607925061521,0,TN,0.041839207493847896,2017-09-02 11:00:00,1,FP,0.2052192462438664
2017-09-02 13:00:00,1.25,0,0.3392577879490299,1,FP,0.0392577879490299,2017-09-02 11:00:00,2,FP,0.2052192462438664
2017-09-02 14:00:00,1.24,0,0.1384917721958442,0,TN,0.1615082278041558,2017-09-02 11:00:00,3,FP,0.2052192462438664
2017-09-03 19:00:00,2.7,0,0.3023867302891311,1,FP,0.0023867302891311115,2017-09-03 22:00:00,-3,FN,0.2050391807726936
2017-09-03 20:00:00,2.25,0,0.2632539188422433,0,TN,0.03674608115775668,2017-09-03 22:00:00,-2,FN,0.2050391807726936
2017-09-03 21:00:00,3.49,0,0.3787181708484937,1,FP,0.0787181708484937,2017-09-03 22:00:00,-1,FN,0.2050391807726936
2017-09-03 22:00:00,4.77,1,0.0949608192273064,0,FN,0.2050391807726936,2017-09-03 22:00:00,0,FN,0.2050391807726936
2017-09-04 00:00:00,4.87,1,0.3364559319054588,1,TP,0.036455931905458816,2017-09-03 22:00:00,1,FN,0.2050391807726936
2017-09-04 01:00:00,4.68,1,0.3819781378255509,1,TP,0.08197813782555091,2017-09-03 22:00:00,2,FN,0.2050391807726936
2017-09-04 02:00:00,3.83,0,0.5954722980680092,1,FP,0.2954722980680092,2017-09-03 22:00:00,3,FN,0.2050391807726936
2017-05-20 04:00:00,2.15,0,0.1354651556157295,0,TN,0.1645348443842705,2017-05-20 07:00:00,-3,FN,0.20460462545016528
2017-05-20 05:00:00,1.95,0,0.0985538423591425,0,TN,0.2014461576408575,2017-05-20 07:00:00,-2,FN,0.20460462545016528
2017-05-20 06:00:00,3.1,0,0.0927352979569151,0,TN,0.2072647020430849,2017-05-20 07:00:00,-1,FN,0.20460462545016528
2017-05-20 07:00:00,4.53,1,0.0953953745498347,0,FN,0.20460462545016528,2017-05-20 07:00:00,0,FN,0.20460462545016528
2017-05-20 08:00:00,3.17,0,0.2703384949663341,0,TN,0.02966150503366588,2017-05-20 07:00:00,1,FN,0.20460462545016528
2017-05-20 09:00:00,3.42,0,0.289921509916134,0,TN,0.010078490083865965,2017-05-20 07:00:00,2,FN,0.20460462545016528
2017-05-20 10:00:00,2.28,0,0.1549944312100001,0,TN,0.1450055687899999,2017-05-20 07:00:00,3,FN,0.20460462545016528
2017-05-04 23:00:00,1.8300000000000003,0,0.3771276625631789,1,FP,0.07712766256317893,2017-05-05 02:00:00,-3,FP,0.20366344729632618
2017-05-05 00:00:00,2.13,0,0.5630193984125621,1,FP,0.2630193984125621,2017-05-05 02:00:00,-2,FP,0.20366344729632618
2017-05-05 01:00:00,2.03,0,0.4943377604095078,1,FP,0.1943377604095078,2017-05-05 02:00:00,-1,FP,0.20366344729632618
2017-05-05 02:00:00,2.03,0,0.5036634472963262,1,FP,0.20366344729632618,2017-05-05 02:00:00,0,FP,0.20366344729632618
2017-05-05 03:00:00,4.72,1,0.6280456696199476,1,TP,0.3280456696199476,2017-05-05 02:00:00,1,FP,0.20366344729632618
2017-05-05 04:00:00,4.5018975069166665,1,0.4850794350586593,1,TP,0.18507943505865931,2017-05-05 02:00:00,2,FP,0.20366344729632618
2017-05-05 05:00:00,4.068102493083334,1,0.4903149441319103,1,TP,0.1903149441319103,2017-05-05 02:00:00,3,FP,0.20366344729632618
2017-04-25 19:00:00,1.09,0,0.2796387902355313,0,TN,0.020361209764468702,2017-04-25 22:00:00,-3,FN,0.202944388912782
2017-04-25 20:00:00,1.09,0,0.2731874997579389,0,TN,0.02681250024206111,2017-04-25 22:00:00,-2,FN,0.202944388912782
2017-04-25 21:00:00,3.58,0,0.2576601264240206,0,TN,0.0423398735759794,2017-04-25 22:00:00,-1,FN,0.202944388912782
2017-04-25 22:00:00,4.03,1,0.097055611087218,0,FN,0.202944388912782,2017-04-25 22:00:00,0,FN,0.202944388912782
2017-04-25 23:00:00,3.02,0,0.3913391617035202,1,FP,0.09133916170352019,2017-04-25 22:00:00,1,FN,0.202944388912782
2017-04-26 00:00:00,4.72,1,0.1622235533225492,0,FN,0.1377764466774508,2017-04-25 22:00:00,2,FN,0.202944388912782
2017-04-26 01:00:00,4.859999999999999,1,0.2854018910412322,0,FN,0.014598108958767786,2017-04-25 22:00:00,3,FN,0.202944388912782
2017-05-06 12:00:00,5.2,1,0.6059083566651574,1,TP,0.3059083566651574,2017-05-06 15:00:00,-3,FP,0.2017473323289231
2017-05-06 13:00:00,3.15,0,0.5817386113456249,1,FP,0.2817386113456249,2017-05-06 15:00:00,-2,FP,0.2017473323289231
2017-05-06 14:00:00,3.4100000000000006,0,0.6577110458399059,1,FP,0.35771104583990593,2017-05-06 15:00:00,-1,FP,0.2017473323289231
2017-05-06 15:00:00,3.37,0,0.5017473323289231,1,FP,0.2017473323289231,2017-05-06 15:00:00,0,FP,0.2017473323289231
2017-05-06 16:00:00,3.64,0,0.3732224934361959,1,FP,0.07322249343619591,2017-05-06 15:00:00,1,FP,0.2017473323289231
2017-05-06 17:00:00,3.04,0,0.4354531478813575,1,FP,0.13545314788135754,2017-05-06 15:00:00,2,FP,0.2017473323289231
2017-05-06 18:00:00,3.1600000000000006,0,0.3853525830526905,1,FP,0.0853525830526905,2017-05-06 15:00:00,3,FP,0.2017473323289231
2017-07-16 13:00:00,1.34,0,0.1726658206418826,0,TN,0.1273341793581174,2017-07-16 16:00:00,-3,FN,0.2009627291895505
2017-07-16 14:00:00,1.28,0,0.0777506463101762,0,TN,0.2222493536898238,2017-07-16 16:00:00,-2,FN,0.2009627291895505
2017-07-16 15:00:00,1.11,0,0.1916006158545224,0,TN,0.10839938414547759,2017-07-16 16:00:00,-1,FN,0.2009627291895505
2017-07-16 16:00:00,4.65,1,0.0990372708104495,0,FN,0.2009627291895505,2017-07-16 16:00:00,0,FN,0.2009627291895505
2017-07-16 17:00:00,1.21,0,0.1889105098545807,0,TN,0.1110894901454193,2017-07-16 16:00:00,1,FN,0.2009627291895505
2017-07-16 18:00:00,1.29,0,0.1310450882046221,0,TN,0.1689549117953779,2017-07-16 16:00:00,2,FN,0.2009627291895505
2017-07-16 19:00:00,1.36,0,0.1767695771842139,0,TN,0.12323042281578608,2017-07-16 16:00:00,3,FN,0.2009627291895505
