date,% Silica Concentrate,high_silica_risk,experiment,oof_proba,oof_pred_05,best_f1_threshold,oof_pred_best_f1,pred,is_correct,margin,error_type,% Iron Feed,% Silica Feed,Starch Flow,Amina Flow,Ore Pulp Flow,Ore Pulp pH,Ore Pulp Density,Flotation Column 01 Air Flow,Flotation Column 02 Air Flow,Flotation Column 03 Air Flow,Flotation Column 04 Air Flow,Flotation Column 05 Air Flow,Flotation Column 06 Air Flow,Flotation Column 07 Air Flow,Flotation Column 01 Level,Flotation Column 02 Level,Flotation Column 03 Level,Flotation Column 04 Level,Flotation Column 05 Level,Flotation Column 06 Level,Flotation Column 07 Level,% Iron Concentrate,% Iron Feed__std,% Silica Feed__std,Starch Flow__std,Amina Flow__std,Ore Pulp Flow__std,Ore Pulp pH__std,Ore Pulp Density__std,Flotation Column 01 Air Flow__std,Flotation Column 02 Air Flow__std,Flotation Column 03 Air Flow__std,Flotation Column 04 Air Flow__std,Flotation Column 05 Air Flow__std,Flotation Column 06 Air Flow__std,Flotation Column 07 Air Flow__std,Flotation Column 01 Level__std,Flotation Column 02 Level__std,Flotation Column 03 Level__std,Flotation Column 04 Level__std,Flotation Column 05 Level__std,Flotation Column 06 Level__std,Flotation Column 07 Level__std,rows_per_timestamp,hour,dayofweek,day,month,elapsed_hours
2017-05-10 09:00:00,5.03,1,extra_trees_balanced,0.29920508189748923,0,0.3,0,0,False,0.0007949181025107555,FN,52.61,20.24,1311.4186339953362,257.9344476661961,400.5916404644944,9.056284611111112,1.52038659302,250.0711333333333,249.94264444444445,250.06326111111113,300.00364444444443,299.90386666666666,299.82099444444447,299.9016222222222,616.4257962046217,696.7576971830999,845.0686662601645,637.6094491039433,547.7967658449851,582.9894573720733,530.5882172368078,62.870000000000005,0.0,0.0,30.233999447867554,3.1826861119833314,0.2018090404268624,0.016801382627097735,2.0631219023534785e-05,0.4421295360713546,2.7413468134035894,1.279241269763228,0.8371698395468576,1.5507785155993168,0.44849504515066635,1.3043329421396346,31.20772988198327,15.002011934654846,59.680781321055456,44.642712639234006,61.90733174190992,146.00819669035934,129.5974058663978,180,9,2,10,5,1472.0
2017-08-29 07:00:00,2.82,0,extra_trees_balanced,0.3008348205161824,0,0.3,1,1,False,0.0008348205161823885,FP,55.03,17.05,3765.5897222222225,558.0399444444445,382.4053888888889,8.840844277777778,1.7078460555555555,300.15009999999995,300.0176666666667,299.9126,299.92035555555555,299.996,299.65135000000004,299.69075,492.6607722222222,490.85409999999996,399.8339222222222,467.3737611111111,352.1144944444444,446.77801111111114,356.42755,64.84,0.0,0.0,505.0120757163806,14.732149032236407,5.873980413024164,0.03604009208938864,0.01123746474458506,0.6219066659162846,3.35930423682577,1.8589848412507322,1.0894474880120624,1.8840775845077138,6.894898971522359,7.630427616439478,30.114755354740893,39.40300889315997,31.830096065142072,106.13208184481799,21.544608330546087,20.02853621960121,23.848286895445984,180,7,1,29,8,4134.0
2017-07-14 17:00:00,2.49,0,extra_trees_balanced,0.30120651811656474,0,0.3,1,1,False,0.0012065181165647476,FP,59.379999999999995,8.1,3390.5054000000005,619.5315111111112,399.94925,10.001815333333333,1.7565517222222222,298.74059444444447,299.6938888888889,299.84245000000004,299.8806666666666,299.85530555555556,299.19413333333335,300.01730555555554,404.57661666666667,398.3107722222222,399.33357777777775,346.90656666666666,347.19629444444445,350.40177222222223,345.9388,65.1,0.0,0.0,646.5282119841534,17.23966984747342,4.851346618179558,0.11962493268266731,0.014332315848791211,1.6452190691591084,3.9243939247408925,1.34974130144755,0.8978051694115956,1.2305755162038052,1.2616663205635312,2.069233274796422,23.513570718080388,17.712006064572446,10.441558195209685,52.26282914580241,38.85667554412086,35.80939024316116,52.87347520642505,180,17,4,14,7,3040.0
2017-03-12 20:00:00,1.9,0,extra_trees_balanced,0.3014543880734235,0,0.3,1,1,False,0.0014543880734235182,FP,59.05,11.2,4225.028861111111,313.7345888888889,401.75885465949943,9.975511277777779,1.8324298888888888,250.19943333333333,250.27772777777778,250.09189444444442,295.096,306.4,250.42954444444445,249.98346666666666,818.6887317460316,794.8216876138417,860.5824783392438,552.5205833333333,562.00105,596.1107444444444,564.4499861111111,67.11,0.0,0.0,472.11298207193573,31.067119474130177,8.484978531586876,0.006829179959761477,0.024236929543720635,2.025985058352275,2.656948073407522,1.2438205948573768,0.0,0.0,2.1108222208477687,1.1051244143132044,57.513413843571115,53.55814544544031,67.27219938676163,59.71549808633111,50.62737300921477,47.64014391235873,51.5634791645327,180,20,6,12,3,67.0
2017-08-10 08:00:00,3.1,0,extra_trees_balanced,0.3014689139151248,0,0.3,1,1,False,0.0014689139151248254,FP,48.81000000000001,25.310000000000002,2204.621925925926,449.1591833333334,380.14623204225387,9.585920277777777,1.647840611111111,300.08835555555555,299.90121111111114,299.91162777777777,304.33969052195334,298.79939385869557,348.480525,349.28642777777776,833.4870416444222,501.2824722222222,605.6103833333334,530.8752394353372,350.39643333333333,354.7448277777778,350.4658,63.44348821081834,0.0,0.0,710.0849372395445,61.71927093546465,1.809853317641738,0.08153922162868432,0.024287420021344285,1.0970997605921549,4.232053612332235,1.8523663425484078,0.001962484673880619,0.014619706285165141,11.739816982182841,7.568138650531771,1.2642573618414723,29.246325211788136,51.07715989486177,135.40729817745336,25.268324408700572,25.38194838218484,38.27834523249114,180,8,3,10,8,3679.0
2017-07-18 04:00:00,1.98,0,extra_trees_balanced,0.3016655493390954,0,0.3,1,1,False,0.0016655493390954068,FP,58.870000000000005,9.27,4049.028898888889,536.7727666666667,398.8468833333333,10.243737777777778,1.6793328333333333,250.14627777777778,250.23836111111112,250.1100222222222,296.27926803155725,291.03289426691833,250.03992777777776,250.03483888888888,549.7698611111111,690.4950066844922,549.6951722222221,448.52298333333334,449.4060944444444,449.57928888888887,449.4119944444444,63.78,0.0,0.0,530.7264008411903,7.762727177638206,4.901683865180083,0.051379390761880216,0.007059116034918766,1.4782247087321192,2.399241907501172,1.2840023319274239,0.0446409361401631,0.006182544594775834,5.533807113281612,3.666918679466589,11.371720997849526,3.7244167599069176,4.921659502004668,20.413012548773604,16.20942437722822,11.12040055557996,21.1887380903413,180,4,1,18,7,3123.0
2017-05-13 23:00:00,2.19,0,extra_trees_balanced,0.3019442744024522,0,0.3,1,1,False,0.0019442744024522063,FP,64.03,6.26,3367.9713111111114,515.016661111111,413.66796085997834,9.348155888888888,1.6415785555555558,250.08028888888887,250.17316666666665,250.06259999999997,299.9900111111111,299.90111666666667,300.25227777777775,300.01492222222225,449.9361055555555,449.5900222222222,450.57168333333334,352.2643722222222,349.0826,350.64410000000004,350.6581277777778,65.3,0.0,0.0,621.4316653784252,9.409173770648882,0.3255708766146764,0.022541773488075886,0.009259680167396192,0.49698231009082083,2.976861726531633,0.9159492865631589,0.6479515498767304,0.909672873284063,1.4950362762434606,1.1611964158456782,9.020985328355966,11.069942154799955,8.538029082011697,26.718446744822117,14.579977936502145,7.457642004533184,7.2310030670644245,180,23,5,13,5,1558.0
2017-09-03 19:00:00,2.7,0,extra_trees_balanced,0.3023867302891311,0,0.3,1,1,False,0.0023867302891311115,FP,55.99,15.13,3029.855586111111,565.06875,407.45742077969277,9.725110277777777,1.6899689999999998,299.8142555555556,299.8485,299.9558333333334,294.12181793179445,289.3737755925383,349.1484722222222,316.0079833333333,600.5893277777777,600.0191,600.1997777777779,351.58322879330944,367.15139999999997,367.64290555555556,369.17658888888883,64.86,0.0,0.0,1300.237037560055,35.5449427634111,12.763960294020341,0.021420037100044444,0.013433634740208162,0.964357956375479,3.5509107869202667,1.3314921016163301,0.017434565805123963,0.04073865463532827,10.399743521640092,31.246692442910323,55.75127746815718,19.77560309014338,7.575657905097194,99.27406400764896,27.618786206855596,36.40936580464755,40.70430167108862,180,19,6,3,9,4266.0
2017-05-14 16:00:00,3.4100000000000006,0,extra_trees_balanced,0.30243415526312556,0,0.3,1,1,False,0.0024341552631255703,FP,64.03,6.26,3916.9294305555554,464.69164166666667,404.17123333333336,9.901228111111111,1.6316479166666666,250.02724444444445,249.73260000000002,250.02597222222224,299.9139666666667,299.92499444444445,299.9683611111111,299.8453388888889,452.98009444444443,452.43415,446.3013055555556,349.7821,347.9573722222222,350.1347777777778,344.55828333333335,64.36,0.0,0.0,699.0871816991614,57.599146524231216,8.413087320308511,0.037386429932514995,0.0540845371765094,0.5245702327961492,3.0063897629327143,1.107980502388396,0.8365902149665501,0.48797050795698416,0.5178821483684951,1.0448616238201627,20.754694167477517,30.093909755126905,94.98768217318714,46.19212213559798,40.92217289400708,35.10040919064359,53.00818745515482,180,16,6,14,5,1575.0
2017-04-03 04:00:00,2.9299999999999997,0,extra_trees_balanced,0.3036336801123499,0,0.3,1,1,False,0.003633680112349935,FP,55.66,14.66,2348.1948333333335,547.6653777777777,400.192975,9.64795238888889,1.7481222777777778,249.93336111111108,249.71065000000002,250.0149722222222,295.096,306.4,249.6704111111111,249.98105555555554,598.4301055555555,729.5721078464672,623.9105777777778,389.38325,392.91335000000004,405.14832222222225,391.9093611111111,65.5,0.0,0.0,107.43200481376772,27.88065036348004,4.5512263451282005,0.06622562483547473,0.0235987538002083,0.4737163680690412,2.5567309498111492,0.9315467688536775,0.0,0.0,0.771733998422381,0.834718001098591,24.613425016644253,0.7378104878429432,3.557694453115478,67.44046087384329,50.28024286817891,50.01528517537364,55.61358140606023,180,4,0,3,4,579.0
2017-07-31 07:00:00,3.15,0,extra_trees_balanced,0.30450286999752246,0,0.3,1,1,False,0.004502869997522474,FP,57.459999999999994,10.8,4340.010257222222,581.0210055555556,399.7501027777778,10.286200000000001,1.7056447222222222,299.92698333333334,249.94373888888887,299.8833166666667,299.9311777777778,299.8891,300.02895555555557,299.3934222222222,386.29047222222226,550.4682388888889,400.9263555555556,349.1913388888889,347.8027777777778,350.0393388888889,349.9784388888889,64.12,0.0,0.0,828.4211584059603,45.25473789296635,10.44569170502348,0.02388690715294254,0.002505621331361271,0.5258558365496397,2.8381549001730946,1.5147488661491053,1.2683285595860876,1.7025162263870244,7.613617207070669,4.600502805799953,0.012119053206265966,12.454757904049668,23.1813991317805,32.96249199943675,34.090273871093686,23.76386819456141,32.725179895976794,180,7,0,31,7,3438.0
2017-03-12 06:00:00,2.12,0,extra_trees_balanced,0.3045801848730647,0,0.3,1,1,False,0.004580184873064719,FP,58.84,11.46,3624.469888888889,499.9709833333333,401.5697967171717,9.923732444444443,1.7417218333333333,251.00556666666668,249.85827222222224,250.37414444444443,295.096,306.4,249.9704111111111,250.07795555555555,448.48536111111116,464.1642,449.94222777777776,431.6321716894978,448.14194444444445,453.64638333333335,450.05654444444446,65.92,0.0,0.0,193.14266623402392,80.25558667791542,9.754927740418005,0.07282785695369941,0.010303333682465048,2.8004780248696246,3.0733639962869437,3.4851108512933346,0.0,0.0,2.7802969421526234,1.845631442148426,15.037800690912167,43.760408536890424,25.171294298119864,122.72990855409958,65.42773690354217,25.89184500191239,71.43876545781649,180,6,6,12,3,53.0
2017-04-22 07:00:00,3.396917808218334,0,extra_trees_balanced,0.3047709856969189,0,0.3,1,1,False,0.004770985696918917,FP,55.17,14.35,1565.95868888889,532.8774722222223,400.05400000000003,9.384137222222222,1.725695777777778,250.41353888888887,250.59067777777778,250.1096388888889,304.00487339240556,301.4908993909217,250.1237388888889,250.45728888888888,600.0533944444445,600.2974222222223,601.4030166666666,396.9991,393.08641111111115,398.3492888888889,394.4922888888889,64.50511477230722,0.0,0.0,517.0234397333205,8.81252318290454,3.5456846008759437,0.047940044025560145,0.01212525119811053,2.5300343440003012,3.119612058601646,1.1108132394476136,0.013515049655166703,0.013738940479614619,0.3320337225826584,3.361307983655731,12.380565041178782,15.014612995699139,16.15255179443621,36.951375285802605,34.46552721114385,15.799540065559167,32.39156861000319,180,7,5,22,4,1038.0
2017-03-13 21:00:00,3.88,0,extra_trees_balanced,0.30497612773256383,0,0.3,1,1,False,0.00497612773256384,FP,58.95,8.94,4236.969055555556,439.6072555555555,399.9044722222222,9.787634055555555,1.75,250.04638333333335,249.97587777777778,250.09590555555556,295.096,306.4,250.07018333333335,250.01402777777778,599.8054611111112,599.7815111111112,600.6921555555556,544.9448944444445,542.3711277777778,549.7263,544.2428277777778,64.59,0.0,0.0,640.0133560010005,3.71988429945854,4.114301056383906,0.14581824323335765,0.0,1.32614690519816,3.965798475935006,1.4477855914665054,0.0,0.0,0.8546889913555928,1.3734408672728007,16.256856693361346,10.419313872424553,26.20117498612572,33.17888290455865,29.713664049096405,12.066385718138186,25.57253649758552,180,21,0,13,3,92.0
2017-04-05 19:00:00,2.13,0,extra_trees_balanced,0.30514004429226305,0,0.3,1,1,False,0.005140044292263057,FP,54.56000000000001,17.66,2271.8563,527.3956388888889,399.6276277777778,9.514654444444444,1.7264588333333333,249.31400555555555,249.39265555555556,250.01888333333332,295.096,306.4,248.5144,250.04264444444445,799.0778777777779,799.9612444444444,799.2728444444444,400.38936111111116,400.20155,399.30352777777773,400.3557222222222,65.0,0.0,0.0,263.3968522061192,4.8207988097455505,2.788460188448413,0.07269567616075646,0.002535361967363817,0.8126823795118818,2.622361781808786,0.6096379916256366,0.0,0.0,0.9552718786933133,0.6560291882244786,11.018174958603412,7.982145140264423,9.404135306592059,13.644147556029651,14.245641959434073,12.89423335338129,16.199193032389534,180,19,2,5,4,642.0
2017-04-20 21:00:00,5.25,1,extra_trees_balanced,0.29415944683444384,0,0.3,0,0,False,0.0058405531655561505,FN,50.22,23.8,2020.9271877777778,538.3879722222223,399.8062222222222,9.630058777777778,1.731655,250.05738333333332,250.03421111111112,250.02130000000002,302.4130536455705,299.87270949782777,250.1483,249.93564444444442,600.1588944444444,536.1768333333333,600.7731777777778,395.77377777777775,396.2041611111111,402.1680055555555,396.9679277777778,63.93999999999999,0.0,0.0,826.2201190792674,5.373266697715983,3.5055357992047758,0.031116024197178113,0.005717437800273864,0.3942099028436565,2.762430015179647,1.3226974622591043,0.013515049655674223,0.013738940480725912,0.5727640574927512,0.9303045536108772,14.232102080819176,174.95222365989486,7.240468523940483,54.08367493046261,29.66365194516756,58.839509669995756,70.9632218580732,180,21,3,20,4,1004.0
2017-05-11 00:00:00,4.15,1,extra_trees_balanced,0.293629879253134,0,0.3,0,0,False,0.006370120746865993,FN,52.61,20.24,3575.896632894737,452.7552,399.72332222222224,9.34071288888889,1.616770111111111,249.9698888888889,249.10727777777777,250.0675,300.04435,299.9990666666667,299.8629611111111,299.9477277777778,450.32315,449.96529444444445,456.5329222222223,349.36266111111115,349.2881777777778,349.16929444444446,349.66532777777775,64.09,0.0,0.0,805.0760392989151,23.200005680650754,2.979395777028104,0.12040467587583355,0.030224969478688957,0.3613235067681143,9.310322431494788,1.244901613693941,1.2229132133965979,2.169230597341932,2.6409652872553346,0.9965607570849565,7.727315090332334,11.358294784330385,131.71382855880674,13.625272787957874,9.882691902263366,16.782313845466803,13.117167371142356,180,0,3,11,5,1487.0
2017-05-11 05:00:00,1.34,0,extra_trees_balanced,0.3064790196948338,0,0.3,1,1,False,0.006479019694833832,FP,52.61,20.24,2907.788461111116,515.5487499999999,399.54769999999996,9.967660888888888,1.7096451666666668,249.91559999999998,250.50305555555556,250.06989444444443,300.02324999999996,299.6539666666667,299.8128444444444,299.9424666666667,450.79786666666666,449.4154777777777,140.8548624,350.10196666666667,350.01127777777776,350.0199111111111,350.47080555555556,65.91,0.0,0.0,1184.3785389815694,10.940219564562328,3.231521530005472,0.059513851499640134,0.013807783774016553,0.8091758125126746,2.9987356237851315,1.133113490918925,1.470457951625954,2.051941359623455,1.1240453175039273,1.3883652393292532,10.104117959415241,14.867191134790561,3.6626905338458107,10.860375136195287,14.176232964231824,13.151179013596243,18.037935945327746,180,5,3,11,5,1492.0
2017-04-03 01:00:00,4.170748613678334,1,extra_trees_balanced,0.29311515217754924,0,0.3,0,0,False,0.006884847822450746,FN,55.66,14.66,2645.546444444444,558.5882666666668,399.93912222222224,9.509556388888889,1.7607636111111111,250.03725,251.3456277777778,250.1123722222222,295.096,306.4,250.12271666666666,250.02175,660.8796722222222,721.9044380095112,661.2799777777777,411.23954444444445,411.2608111111111,430.52551111111114,411.36884999999995,63.27,0.0,0.0,151.31151813623256,9.158499643379361,4.565220367877558,0.039235533579820604,0.012171506286947903,0.40083358801100666,14.131612030413134,0.917758331967112,0.0,0.0,0.3781825878094069,1.3394335406141815,94.23946579024853,0.7378104878425341,95.50411236753422,27.931196895888924,47.81164279891441,38.83375978585422,46.34693873894961,180,1,0,3,4,576.0
2017-05-15 08:00:00,3.86,0,extra_trees_balanced,0.30693048127038425,0,0.3,1,1,False,0.006930481270384259,FP,64.03,6.26,3481.8796166666666,495.2613277777778,399.53134444444447,9.745617055555556,1.674829388888889,250.44681111111112,249.97458333333336,249.96963888888888,300.05325555555555,299.95591666666667,300.6788555555556,300.0111777777778,455.52187222222227,448.6550111111111,444.81407777777775,349.3281222222222,347.4586,351.92982222222224,345.1314722222222,62.6,0.0,0.0,452.16319828045954,10.073953951668631,4.008957598404134,0.07238488215164789,0.012507214947287779,0.7406700779166097,2.923011576506119,0.9591756226856029,0.837892104710257,0.5191883823708696,1.6525834291335537,0.8241400781390732,57.29915505563087,13.950030734728738,9.6325233641355,38.9098141109099,28.658712018744563,32.831636500173225,46.068909033633815,180,8,0,15,5,1591.0
2017-04-16 13:00:00,3.3399999999999994,0,extra_trees_balanced,0.3076125969112001,0,0.3,1,1,False,0.007612596911200087,FP,49.76,24.21,1999.9292833333334,543.9138333333334,400.1761,9.648963833333333,1.755571611111111,250.11527222222225,249.34700555555557,250.03164444444442,297.54395794936835,294.9229521777761,249.98541111111112,250.05201666666665,600.5052055555556,598.7526166666667,599.0481388888888,448.6241972222223,451.7964888888889,432.8723444444444,450.5472555555555,64.43,0.0,0.0,286.865137965878,12.797978964360894,3.4400578565871034,0.04729441513041313,0.003101132618162926,0.5845886571917746,3.1208466897751106,1.48717895367266,0.013515049655470597,0.013738940479710396,0.944456673842394,0.8906330923998814,11.059071483375705,10.895760704805745,8.354514740056503,24.87052327844635,19.84879731438796,89.62698305813703,18.083165318458246,180,13,6,16,4,900.0
2017-03-31 02:00:00,4.48,1,extra_trees_balanced,0.2921574932439863,0,0.3,0,0,False,0.007842506756013667,FN,54.3,20.14,2078.5744185855556,466.8455111111111,400.41161666666665,9.418215611111112,1.6148729166666667,199.9773388888889,195.23414999999997,199.99491666666665,295.096,306.4,249.94219999999999,250.03342222222224,801.5834111111111,798.7140222222223,803.1773555555556,448.42244999999997,449.26096666666666,457.60138333333333,451.4617666666667,63.45,0.0,0.0,797.8306325424658,46.83113624896287,3.7125511347105618,0.10099862991460155,0.05617324868352048,0.502635356715966,2.754512629758664,1.0799625089943332,0.0,0.0,0.3371765017514408,0.4524111079729179,15.820275842026462,16.3191730051223,25.936170427207184,46.5788818188237,43.34531624651041,29.55607654410229,37.835296733062464,180,2,4,31,3,505.0
2017-04-22 04:00:00,3.6188356164372224,0,extra_trees_balanced,0.3089447640671707,0,0.3,1,1,False,0.008944764067170707,FP,55.17,14.35,2317.272275,547.8003111111111,399.38807222222226,9.49401011111111,1.7461090000000001,250.05649444444447,249.73932777777776,250.06758888888888,303.8644187088628,301.3481179297661,250.01925555555556,249.45260555555555,599.5451888888889,600.33265,600.3705555555555,400.5807555555555,405.8431055555556,403.70034999999996,405.81021111111113,64.19522954461334,0.0,0.0,257.1429770689369,3.5120864395350013,3.729311826643045,0.05800937428064812,0.0030008691518738956,0.303390772899006,3.1026523882900174,1.135339453834005,0.013515049655350971,0.01373894048086821,0.22258995989692432,2.4773627767743016,11.725635559078288,17.717556976210837,16.69044587688225,62.62667351364507,61.04665439840955,34.895489741428875,61.61375807146294,180,4,5,22,4,1035.0
2017-05-21 14:00:00,3.72,0,extra_trees_balanced,0.30902334457068265,0,0.3,1,1,False,0.009023344570682656,FP,64.03,6.26,3471.282616666667,494.1937722222222,399.5109722222223,9.976166388888888,1.602641888888889,299.9865,298.7938472222222,299.9383888888889,300.1065277777778,299.9815611111111,299.79622222222224,299.98274444444445,449.6919666666667,451.73125555555555,449.48434444444445,350.23400555555554,350.29969444444447,349.66461111111107,350.4385111111111,63.8,0.0,0.0,597.4187595472195,16.01376777228844,4.01565484134081,0.02742830058663899,0.019050064006567533,0.3924114549806067,12.100191033856696,1.9357183202708235,0.8589896871102219,1.9549520430716167,2.804579549703888,1.6034595034286965,8.09875262267797,12.9170739037404,4.234617879024986,22.178253503901118,8.043829044744806,9.179113224773399,17.92800209804915,180,14,6,21,5,1741.0
2017-08-04 03:00:00,2.05,0,extra_trees_balanced,0.3096814250958195,0,0.3,1,1,False,0.009681425095819485,FP,51.34,23.16,3184.0556666666666,423.18014999999997,381.43856111111114,9.746048944444444,1.70078,299.86550555555556,300.1348222222222,299.8698944444444,305.3526448568922,291.25329933075614,349.9067333333333,349.78124444444444,499.62258333333335,500.3305277777778,500.31637222222224,500.4127722222222,501.3900611111111,449.9315333333333,449.9170611111111,64.8,0.0,0.0,543.2641410340324,40.487405055766644,3.056245784725374,0.07291852359919408,0.031204435671159957,0.5255022095018888,3.450938236601678,1.5554945212133306,0.0019624846731265836,0.014619706285153284,7.107914701701661,1.8285647396014186,12.254516617637128,7.888738171476942,5.657302780998637,14.425985640437785,15.934600818890228,42.24819170362995,12.507819981543962,180,3,4,4,8,3530.0
2017-05-04 06:00:00,2.92,0,extra_trees_balanced,0.31016081367025455,0,0.3,1,1,False,0.010160813670254565,FP,53.14,18.04,2144.6988888888886,571.2175166666667,417.0826083698828,9.420320555555556,1.7083765,299.88780555555553,299.91259444444444,300.0264222222222,299.95456666666666,300.25482222222223,300.6478388888889,300.0161777777778,450.3438444444444,449.4986666666666,450.93410000000006,349.59397222222225,350.1203277777778,351.4766,350.8886166666667,64.78,0.0,0.0,63.4964548169499,20.046504759759337,2.074276955989758,0.05979520929084591,0.01475247265432685,0.3235563852152648,3.5355609906856524,1.475899510865443,0.8130000690173533,1.8644643203151814,3.84915173651414,3.335104604648968,6.229913639335629,10.194351002720415,7.422734165386766,18.21555218775384,9.888780885894262,12.48210496608823,14.317746844883327,180,6,3,4,5,1325.0
2017-05-20 11:00:00,3.37,0,extra_trees_balanced,0.31087411255148106,0,0.3,1,1,False,0.010874112551481074,FP,64.03,6.26,3445.889611111111,536.1160833333333,400.28209444444445,9.784480777777777,1.651553388888889,300.02879444444443,299.81756666666666,299.8059722222222,299.97077777777776,300.3856611111111,299.68087777777777,299.7908444444444,449.78748333333334,449.4081722222223,449.79381666666666,349.29137777777777,349.0599055555556,345.6882388888889,350.8873,62.620000000000005,0.0,0.0,271.89000406692975,9.217372930670557,4.177797559981965,0.044395178535203715,0.0104508492565007,1.268373313856149,3.351422192476229,1.2509098352379544,0.9215077111605626,2.0241381105818532,2.366283597297573,1.4833509243234835,7.5322245028167885,7.804074444253506,12.470655089036917,32.14861820689716,17.753835571096307,78.13193937915842,36.902972723661875,180,11,5,20,5,1714.0
2017-03-11 18:00:00,1.8300000000000003,0,extra_trees_balanced,0.3109947337201744,0,0.3,1,1,False,0.010994733720174399,FP,59.66,9.09,3284.7553583333333,558.0600944444444,399.7347666666667,9.926153666666666,1.7600316111111112,249.97576666666666,250.42563333333334,250.02784444444447,295.096,306.4,249.92795,250.13533333333334,450.31961666666666,449.74884444444444,449.7403611111111,449.11316111111114,449.8549,455.0803333333334,450.73249444444446,66.21,0.0,0.0,321.1572575606086,10.030428648033787,4.550356459907543,0.039244673494206225,0.01090771552433742,2.251822210517032,3.7119766550690727,2.0878356678154715,0.0,0.0,2.353269298644856,1.5694932303135305,14.355264895684707,14.976696803449995,11.582083744955147,17.55466064109595,15.18708540690631,26.142426553189136,34.668295304291,180,18,5,11,3,41.0
2017-05-08 08:00:00,2.35,0,extra_trees_balanced,0.3114479065644062,0,0.3,1,1,False,0.011447906564406196,FP,56.65,14.83,3087.3534444444444,463.97547222222227,399.23296111111114,9.61311711111111,1.6894767777777777,250.2194111111111,251.38972777777778,250.1297833333333,299.9223333333333,299.8490888888889,300.16728333333333,300.30653333333333,450.32225000000005,449.21432222222217,450.7263,350.31620555555554,350.0564611111111,352.1262388888889,350.17089444444446,65.16,0.0,0.0,336.1565943414569,14.579722570684234,4.495364834241149,0.015918441802893236,0.017134168224001916,0.4009991381105864,3.237470387390191,1.1607645051382744,0.8119286435532496,1.8200414045622608,4.368221856996788,4.504920950595157,10.692084582050514,10.62368161946359,6.252275792683637,13.818094838812385,9.492869154946375,13.431949484288857,11.873946329626822,180,8,0,8,5,1423.0
2017-03-31 06:00:00,1.9100000000000001,0,extra_trees_balanced,0.3116638404310088,0,0.3,1,1,False,0.01166384043100882,FP,54.3,20.14,2234.601777777778,554.3787555555556,399.55724999999995,9.709599611111111,1.752978388888889,200.72834444444445,195.2677611111111,199.9315222222222,295.096,306.4,250.45137222222223,249.84141111111109,799.8057361111112,800.8126722222222,800.8338111111111,423.2398106060611,457.55917222222223,455.6090222222222,459.30711388888886,66.49,0.0,0.0,155.6931309879775,8.90759133088324,3.7907756343158243,0.11391246904416792,0.010139446191533003,0.8302382276740621,2.34976043545788,1.2723451682951274,0.0,0.0,1.258516543088863,1.8530055609105551,13.53431048282995,6.7656972005277085,8.419765981037248,135.24809482999257,61.78150267163127,36.848224520012984,77.54509854126968,180,6,4,31,3,509.0
2017-05-18 07:00:00,2.53,0,extra_trees_balanced,0.31194961992862047,0,0.3,1,1,False,0.01194961992862048,FP,64.03,6.26,3809.8753888888887,544.6357555555555,401.07210000000003,10.055325222222223,1.7410507222222225,250.0549388888889,249.53577222222222,250.1755222222222,299.9153,299.97765,299.8951611111111,299.8887222222222,450.6414388888889,448.8375833333333,399.81011111111115,349.7051611111111,349.4363666666667,351.5860388888889,350.2425611111111,65.37,0.0,0.0,72.51047776673306,6.718739515234732,4.237397651468024,0.12903378024315634,0.0056481116835189905,0.3714983798961013,4.854416615402427,1.2717528081595668,1.0639325422433725,1.7645246998523143,0.41719803669359073,0.9942756216102294,14.299996548237312,13.27515407898655,6.186848582893735,23.593511672388946,18.532287986076884,22.985495348241756,32.10838429067051,180,7,3,18,5,1662.0
2017-08-08 02:00:00,2.42,0,extra_trees_balanced,0.3119961418196877,0,0.3,1,1,False,0.011996141819687722,FP,48.81000000000001,25.310000000000002,4127.328333333333,665.1749944444445,410.89320689655165,9.847375555555555,1.7191791111111112,300.07356111111113,300.1979944444445,299.85655555555553,304.70680148897833,296.0645676539389,249.99634444444442,249.98877777777778,498.86791111111114,500.8206,499.62851666666666,500.9266277777778,500.55050555555556,499.76317222222224,500.61164999999994,64.77,0.0,0.0,303.82337283819663,12.615094990833404,2.4367787030992285,0.03566407531430723,0.007254024345828988,1.0586481115286845,3.413275135404287,1.5892999969316401,0.0019624846733401614,0.014619706284680137,0.772467391057329,2.3071711961610197,18.403350928956414,14.619908296034017,9.818869979944514,28.008110019347882,23.797011121963582,17.092543922824152,18.571721135004935,180,2,1,8,8,3625.0
2017-05-08 02:00:00,3.1,0,extra_trees_balanced,0.31299713068789425,0,0.3,1,1,False,0.012997130687894265,FP,56.65,14.83,2528.935575,537.6935500000001,400.53696111111117,10.072696944444445,1.730952111111111,250.09362777777778,249.99584444444446,250.08083333333335,299.8091777777778,299.8261388888889,299.7214888888889,300.09290555555555,450.6680777777778,449.6572333333333,450.8846388888889,351.7870888888889,348.46065555555555,340.37182222222225,351.16212222222225,65.14,0.0,0.0,1447.038194546226,8.329305225977905,4.702289531427899,0.08052820476287076,0.009353416903219348,0.4426160491963498,3.142219533709362,1.3594449459654896,0.8397263387262721,1.5753856732872709,4.449266267211181,3.754457994167611,8.71966924478188,8.620048518231584,6.65372700218448,22.044876955199292,11.64737192880973,70.34998663145699,21.429595673236467,180,2,0,8,5,1417.0
2017-06-26 02:00:00,3.990775623266667,0,extra_trees_balanced,0.3133627724981628,0,0.3,1,1,False,0.013362772498162812,FP,59.870000000000005,9.99,2988.894124444446,630.2225333333333,399.41387222222227,9.741926166666667,1.7671268888888887,299.8527222222222,300.3728111111111,299.9165611111111,299.9527277777778,299.8371388888889,300.3227277777778,300.7786111111111,541.9398694444444,393.42741666666666,400.5879333333333,408.77945555555556,403.92262222222223,438.73917777777774,410.2907805555556,62.209999999999994,0.0,0.0,875.6704385365816,24.01861214683289,4.415345559687322,0.060049214994177154,0.02577523726130463,0.5027119791198751,5.377877962117791,1.6873562330985539,1.209167058720617,2.5877863207423015,8.469472578246704,6.75688984123193,201.41633178469655,24.29164515284925,8.637811603384023,54.698517439112685,41.65970381037764,127.53124706114039,79.17417770352226,180,2,0,26,6,2593.0
2017-05-17 15:00:00,2.06,0,extra_trees_balanced,0.3135110005159796,0,0.3,1,1,False,0.013511000515979588,FP,64.03,6.26,3054.018385,524.5002833333334,400.66707222222226,9.985472166666666,1.7342937777777778,249.84320555555556,250.09550000000002,249.99549444444443,299.95908333333335,299.9856444444444,300.53223333333335,300.1948111111111,181.92562280701944,449.38003333333336,399.7099333333333,355.3133777777778,355.0056666666667,350.48679999999996,354.2442888888889,65.68,0.0,0.0,1023.851417632131,9.086830868701547,4.540610842448599,0.019487820050115498,0.017096359429082605,0.48728386316650923,2.683959342091459,1.1876346824078636,1.2369675234890662,2.1985008417915233,4.052072002349204,1.4634330443966619,8.3685933908123,12.77975061002539,6.718211372911031,21.336792339148598,18.32739187542937,16.256495904851214,27.018048011671528,180,15,2,17,5,1646.0
2017-04-22 09:00:00,3.2489726027388888,0,extra_trees_balanced,0.3139324881391818,0,0.3,1,1,False,0.013932488139181798,FP,55.17,14.35,1894.09693888889,417.4038111111111,399.68929999999995,9.60236038888889,1.5685179999999999,250.0460833333333,250.05376111111113,250.14789444444443,304.09850984810225,301.58608703169165,250.01775555555557,250.38275,600.1953277777777,599.45965,600.7024777777777,399.7435111111111,396.75475,399.6757944444444,397.04282222222224,64.71170492410222,0.0,0.0,576.7079123460077,16.078759732706253,3.4539788600331223,0.03764983043143161,0.021006823002697683,0.7645315186802631,2.9131845830901852,1.6105238329921745,0.013515049655251604,0.013738940479199057,0.49976859781105526,2.2383123053740506,12.410038429894195,18.10490624495501,14.46799496069998,37.3238913840703,21.659137632077567,24.16600112662811,30.76512499661401,180,9,5,22,4,1040.0
2017-05-04 16:00:00,3.9791135734077776,0,extra_trees_balanced,0.3143314628831927,0,0.3,1,1,False,0.014331462883192703,FP,56.22,14.280000000000001,2314.6561711111112,539.9053444444445,405.02467777777775,9.593857388888889,1.74140425,249.89028333333331,249.86149444444447,250.08080555555554,299.87303333333335,299.9607111111111,299.70801666666665,299.32245555555556,575.6148603427894,497.55073629629607,454.9708388888889,354.30829444444447,353.4865388888889,358.3802,357.1937444444444,62.17,0.0,0.0,627.4043018303048,66.56353431569383,6.297385041476916,0.0630513369262061,0.03829539506794117,0.40624442936349925,3.0379429050615103,1.0340170324044322,0.5311279705599253,1.5617960582785155,4.4915201095137895,3.6079111751849875,271.59491263593367,118.25420529765368,47.19627460417751,47.41714065371732,33.784526401620894,47.64737891011891,49.02859523472246,180,16,3,4,5,1335.0
2017-08-06 13:00:00,2.44,0,extra_trees_balanced,0.3144615404985279,0,0.3,1,1,False,0.014461540498527936,FP,55.1,15.95,2685.8484444444443,558.8560555555555,381.38365,10.042579555555555,1.7065723888888888,298.5080444444444,300.9991222222222,299.9149611111111,304.95834048490224,294.1907052543839,350.04254444444445,349.7988611111111,401.2837944444444,499.4544055555556,555.5446444444444,351.56236666666666,345.15125,351.8174111111111,353.3240055555556,64.54,0.0,0.0,154.56456142201606,26.555441127682275,3.2391032260770096,0.06538271422785927,0.0047273473139324155,3.3782689959705605,11.091894266963873,1.4870171536180483,0.0019624846737807014,0.014619706285043884,9.383169927720004,1.1447453805390186,17.038157494184517,16.606509111622895,25.691550958464212,20.332641089008685,52.98977809675231,22.73978625590666,30.19110183398362,180,13,6,6,8,3588.0
2017-04-26 01:00:00,4.859999999999999,1,extra_trees_balanced,0.28540189104123226,0,0.3,0,0,False,0.01459810895876773,FN,52.5,21.1,2101.789055555556,504.86227222222226,400.4713805555555,9.546957888888889,1.6903703333333333,297.9148055555556,299.9051,299.7593777777778,299.92794166666664,299.74499444444444,300.44005000000004,299.7401777777778,502.36375000000004,501.79412777777776,498.4252444444444,405.67911666666663,405.3928611111111,437.66907592592605,388.45140833333335,63.67,0.0,0.0,111.20318067841798,20.02036473966517,4.438934796636311,0.03362273770975254,0.011279979604985082,3.6577334650135556,13.901347872738405,2.0435042782097823,1.0971806983317143,1.9742379950452373,4.595608677222912,4.118012643868597,19.632894809441915,35.42577260037772,40.897961289398474,72.19148603103918,109.95128387787753,96.1950069187206,108.53612697506854,180,1,2,26,4,1128.0
2017-09-04 17:00:00,2.08,0,extra_trees_balanced,0.3146806413216445,0,0.3,1,1,False,0.014680641321644539,FP,54.14,14.69,2594.1589883333345,499.66974444444446,380.35054927140334,9.574536555555555,1.6837392222222223,299.85135555555553,299.8685388888889,299.87598333333335,299.9576055555556,300.2304833333333,300.2587277777778,300.2819222222222,399.9053277777778,599.3008333333333,398.9763,349.86455555555557,348.3508111111111,396.7390388888889,350.1285888888889,64.5,0.0,0.0,962.9767818130427,50.86188274338029,2.3588641409936155,0.0698461966857829,0.01607868124275694,0.9869283302933728,4.240990572658296,1.386993072461274,1.32694798733042,2.1937896168629205,6.943666496112007,8.326185222574459,13.221573435038566,14.280741974382453,10.66439736636711,15.457446502584022,25.52554083784163,102.81313863987342,31.466833307077977,180,17,0,4,9,4288.0
2017-05-11 08:00:00,2.5,0,extra_trees_balanced,0.3150936466809507,0,0.3,1,1,False,0.0150936466809507,FP,52.61,20.24,3668.044020576136,460.4126833333333,399.3422166666667,9.831841555555554,1.7170214444444443,250.17889444444444,249.90465,250.07638333333333,300.04572777777776,300.14921111111113,299.9911388888889,299.8625388888889,450.6683611111111,449.3468,135.6854809941511,349.8542444444445,350.1670722222222,349.4667111111111,348.1125611111111,65.73,0.0,0.0,199.77876684450695,10.70532714247905,3.3451678554047515,0.07556618894733781,0.00656802651928436,0.35027502681975414,2.210104601534116,1.2154538351076032,0.9917507685936912,1.6502293914244055,0.31882668165023026,0.9330494292247015,8.678950222466034,10.366799565278885,4.944944645141187,12.0404519201003,8.676545630498193,45.8960516858463,31.032738741200376,180,8,3,11,5,1495.0
2017-05-07 05:00:00,1.7200000000000002,0,extra_trees_balanced,0.31531004759604814,0,0.3,1,1,False,0.015310047596048149,FP,52.78,20.01,3575.542722222222,521.9553888888889,400.3503333333333,10.060045944444445,1.738259611111111,251.22599444444444,250.23440555555555,250.07726666666667,300.0117777777778,300.1403388888889,300.00925,299.7350666666667,451.3050611111112,448.3194833333333,449.6602444444444,348.5021222222222,365.19050386313444,346.1303111111111,349.71191111111114,66.36,0.0,0.0,170.8511121995159,4.089373501852617,4.408125759448192,0.07678132485396832,0.002288923658716572,2.627695897121083,3.0634250307226396,1.6955155479479795,1.0508389752247294,2.1727043163452824,0.6717421369924038,4.014036056417799,14.611069871909482,12.639457667019931,23.51115835527704,54.94617123625027,80.98614133838137,24.942107243528053,61.34515563372081,180,5,6,7,5,1396.0
2017-07-31 04:00:00,3.54,0,extra_trees_balanced,0.3154790947343611,0,0.3,1,1,False,0.015479094734361099,FP,57.459999999999994,10.8,1856.4724752611112,556.0921888888889,399.09285,10.021533944444444,1.709100111111111,300.5375666666667,249.7325833333333,300.0208222222222,299.91855555555554,300.03770555555553,299.8980833333333,300.04685,386.1644666666667,550.920111111111,540.9867444444444,349.3541833333333,350.1567888888889,346.71250555555554,348.2212277777778,64.3,0.0,0.0,1359.911134402547,27.75489957382672,5.328106808896086,0.01393335149509204,0.011629276847149598,3.7989221923241727,2.8422179189166927,1.730469792203367,1.1732793369309527,1.5202194311539403,0.9311521887485029,1.788722124481917,0.012116746904750467,8.370320350891182,44.359460058471505,13.417816208093136,16.632620481715005,22.838116283790626,17.42048268492854,180,4,0,31,7,3435.0
2017-04-28 15:00:00,3.399602097471111,0,extra_trees_balanced,0.31658078271152873,0,0.3,1,1,False,0.01658078271152874,FP,53.540000000000006,18.74,2079.1531061111145,463.02774999999997,408.8870447304578,9.559206333333334,1.5870929444444446,289.2107277777778,293.6921722222222,293.40610555555554,298.96245586440443,298.8512271596667,290.26112222222224,292.5948888888889,450.1665222222222,448.32938333333334,448.27652222222224,452.6169388888889,446.6288222222222,447.4828444444444,449.9933277777778,62.3,0.0,0.0,491.42069597432396,28.020825207309866,7.192566873889857,0.1901280801310857,0.008241972505092003,16.96855255099545,19.27918671516303,16.559543677119088,2.2696568129917627,3.495062823165523,17.26777935496428,17.30166656002594,10.685983916355926,23.64807165506429,26.517877330094695,71.78429441738506,26.98425454329404,16.109819338880182,64.5747490912001,180,15,4,28,4,1190.0
2017-04-03 10:00:00,4.15,1,extra_trees_balanced,0.2824131111670166,0,0.3,0,0,False,0.01758688883298337,FN,54.379999999999995,17.41,2429.5933333333332,534.3008333333333,399.6931813131311,9.846705277777778,1.7057046944444443,250.12403888888886,249.8658888888889,250.1085611111111,295.096,306.4,250.12223888888886,249.94983333333334,649.01682654321,744.90744752038,332.00829444444446,439.8878138888889,407.82149444444445,502.1005333333334,411.4950055555555,64.92,0.0,0.0,244.84483672771634,87.07483279170341,7.121694104241159,0.039861884557534685,0.10871678708302866,0.3743512961538983,2.6866855931692566,1.6323234979075003,0.0,0.0,0.3951481629842996,0.9754130663467653,103.09800803794015,0.7378104878433209,41.891071877044965,74.0194791080386,81.03684696293664,73.79444029889153,65.17679184610094,180,10,0,3,4,585.0
2017-03-31 01:00:00,5.07,1,extra_trees_balanced,0.2823707479444292,0,0.3,0,0,False,0.01762925205557081,FN,54.3,20.14,1058.5917777777777,553.3732777777778,398.97035555555556,9.708962833333333,1.7537415555555556,196.64556666666664,198.10952777777777,199.86998333333335,295.096,306.4,249.3246611111111,249.92713333333333,801.0663000000001,795.9020444444444,800.6513194444444,446.33354444444444,446.6323,452.6194333333333,449.66169444444444,63.78,0.0,0.0,953.8530923034336,6.359407634062586,3.080585560539153,0.028958465856292918,0.007191932349068562,5.633899241890787,13.68953351767148,1.2403240682042196,0.0,0.0,1.6071994903623281,1.045576058129357,12.009089654137446,18.829021541785245,23.637466286421322,69.70881602157826,46.33049462885589,21.74701123733253,46.99553385410087,180,1,4,31,3,504.0
2017-08-06 14:00:00,3.38,0,extra_trees_balanced,0.31870595985103445,0,0.3,1,1,False,0.01870595985103446,FP,55.1,15.95,2480.0143333333335,544.9191888888889,381.7705111111111,9.749026166666667,1.6976416111111112,299.8658888888889,300.2233444444444,299.9725222222222,304.95154213366163,294.2413501841011,348.97749166666665,349.7924722222223,399.6249555555556,498.8456611111111,666.8862944444444,347.7473333333333,349.33330277777776,349.5594388888889,348.8415166666667,62.95,0.0,0.0,180.49650948025445,10.08069633165227,3.674626325566557,0.16005763848715104,0.003883346518416741,2.42373764827269,6.96395086405079,1.6247612387177055,0.0019624846739952823,0.014619706285319388,10.6518551261786,1.17445353926627,18.952038983187187,20.141811798722447,28.04851845794232,28.920884576912776,37.90978102341199,23.583909059206704,26.833507491251595,180,14,6,6,8,3589.0
2017-07-19 23:00:00,4.04,1,extra_trees_balanced,0.28121499602134215,0,0.3,0,0,False,0.018785003978657844,FN,46.4,28.92,4706.380179342593,528.2707277777778,399.2432166666666,9.900108444444445,1.6890743333333336,299.9743388888889,299.3008722222222,300.34576111111113,299.8218277777778,300.0752166666667,299.82944444444445,299.44974444444443,467.29395555555556,454.6640111111111,399.88958333333335,360.3107888888889,350.6928611111111,371.3633611111111,343.8612333333333,63.91,0.0,0.0,1153.2558559296092,23.191813795156737,3.9544929247559177,0.009151296193692808,0.024283644452365312,0.624046046768707,5.492140662427987,1.5999238293114788,1.0624799074207392,1.926312205787692,0.5140452230670394,2.6971036957822974,115.74644211957308,12.605750211703972,5.235077349396746,59.25028494924342,45.04772861652945,94.7795970326692,69.81972306615404,180,23,2,19,7,3166.0
2017-05-11 04:00:00,1.39,0,extra_trees_balanced,0.31940997721590825,0,0.3,1,1,False,0.01940997721590826,FP,52.61,20.24,3725.3654321666663,502.50445,400.4508277777778,9.718504,1.6841376666666665,250.0248611111111,249.27363888888888,250.06799444444445,299.8809388888889,299.8097111111111,299.92884444444445,299.9373777777778,450.93195000000003,450.27455,205.94259703111112,350.60789444444447,350.43760000000003,350.82284999999996,349.70606666666663,66.59,0.0,0.0,1063.6280782722047,5.657866907899101,3.705993495273056,0.11259628873201497,0.005467329441530465,0.6899527501043378,8.894482791011445,1.1647070136935365,1.4756147915130495,2.045549465679869,4.030828385803898,1.2695821104055198,9.041002016292836,21.900167762491627,93.39783872873548,12.83904722775937,20.823480664758115,16.622241777367986,26.603601686112615,180,4,3,11,5,1491.0
2017-05-11 12:00:00,3.77,0,extra_trees_balanced,0.3196686012867264,0,0.3,1,1,False,0.019668601286726428,FP,52.61,20.24,3102.1747658631784,458.67564791666666,398.3969379928306,9.727419222222222,1.660026468376111,250.08082777777778,250.14233888888887,250.0477388888889,299.97442777777775,299.91572777777776,299.87348333333335,299.86718888888885,544.7337888888889,548.3102027777778,810.8865151515156,432.6681666666667,442.88404722222225,440.8301166666667,391.7392166666666,64.7,0.0,0.0,2023.3365882803305,72.08934759355806,4.089163996058972,0.0937580781613311,0.040782792002089244,0.4555750557818272,10.388511663351913,1.3200050983230205,1.0290807550136667,1.256605280687068,0.42346568108355387,1.133881675136292,158.16551707185425,164.16059999575387,37.52506963550189,132.6093698971575,150.11923637264627,132.0680207413685,87.0342181537748,180,12,3,11,5,1499.0
